idx,symbol,datetime,date,setup_type,direction,score,rank_score,reasons,rsi,trend_strength,vol_z,body_pct,hour,dow,sweep_count_20,bsl_dist_atr,ssl_dist_atr,is_bsl_swept,is_ssl_swept,ob_remaining,selection_policy
329,UNKNOWN,2025-06-04 22:00:00,2025-06-04,FVG_TOUCH,Long,61.5549,61.5549,bullish_fvg_touch,43.2713,-0.7367,-0.621,0.0179,22,2,0,2.6152,2.3933,False,False,0.4778,TOP1_PER_DAY_PLUS_TOP25_SECOND_SIGNALS_DIVERSITY_GUARD
396,UNKNOWN,2025-06-05 14:45:00,2025-06-05,TREND_PULLBACK,Short,64.5314,64.5314,ema20_pullback;trend_stack,47.702,-0.0157,2.5841,0.0581,14,3,0,3.1582,1.8695,False,False,0.3718,TOP1_PER_DAY_PLUS_TOP25_SECOND_SIGNALS_DIVERSITY_GUARD
479,UNKNOWN,2025-06-06 11:30:00,2025-06-06,FVG_TOUCH,Long,65.6358,65.6358,bullish_fvg_touch,75.9117,2.5453,-0.3577,0.0854,11,4,5,0.455,5.902,False,False,0.9284,TOP1_PER_DAY_PLUS_TOP25_SECOND_SIGNALS_DIVERSITY_GUARD
581,UNKNOWN,2025-06-07 13:00:00,2025-06-07,FVG_TOUCH,Long,67.6765,67.6765,bullish_fvg_touch,74.4922,1.3972,-0.2395,0.0648,13,5,1,1.5596,4.2745,False,False,0.7327,TOP1_PER_DAY_PLUS_TOP25_SECOND_SIGNALS_DIVERSITY_GUARD
649,UNKNOWN,2025-06-08 06:00:00,2025-06-08,TREND_PULLBACK,Long,67.601,67.601,ema20_pullback;trend_stack,50.0825,0.081,-0.4839,0.9325,6,6,0,2.8327,1.7056,False,False,0.3758,TOP1_PER_DAY_PLUS_TOP25_SECOND_SIGNALS_DIVERSITY_GUARD
680,UNKNOWN,2025-06-08 13:45:00,2025-06-08,LIQUIDITY_SWEEP,Short,93.5524,93.5524,sweep_high;reclaim,66.0401,0.2589,7.1283,0.353,13,6,1,1.2713,2.9146,False,False,0.6963,TOP1_PER_DAY_PLUS_TOP25_SECOND_SIGNALS_DIVERSITY_GUARD
761,UNKNOWN,2025-06-09 10:00:00,2025-06-09,FVG_TOUCH,Long,79.0,79.0,bullish_fvg_touch,87.6194,0.672,4.9144,0.7525,10,0,0,-1.1095,7.9086,True,False,0.0,TOP1_PER_DAY_PLUS_TOP25_SECOND_SIGNALS_DIVERSITY_GUARD
873,UNKNOWN,2025-06-10 14:00:00,2025-06-10,FVG_TOUCH,Short,65.9712,65.9712,bearish_fvg_touch,45.9086,0.2224,0.3985,0.506,14,1,4,2.7612,0.832,False,False,0.2315,TOP1_PER_DAY_PLUS_TOP25_SECOND_SIGNALS_DIVERSITY_GUARD
940,UNKNOWN,2025-06-11 06:45:00,2025-06-11,TREND_PULLBACK,Long,69.0654,69.0654,ema20_pullback;trend_stack,43.7714,0.0327,-0.3201,0.4641,6,2,0,1.7666,1.4312,False,False,0.4476,TOP1_PER_DAY_PLUS_TOP25_SECOND_SIGNALS_DIVERSITY_GUARD
1024,UNKNOWN,2025-06-12 03:45:00,2025-06-12,FVG_TOUCH,Short,69.839,69.839,bearish_fvg_touch,31.5197,-1.2446,0.3407,0.717,3,3,5,3.7927,0.6725,False,False,0.1506,TOP1_PER_DAY_PLUS_TOP25_SECOND_SIGNALS_DIVERSITY_GUARD
1160,UNKNOWN,2025-06-13 13:45:00,2025-06-13,TREND_PULLBACK,Short,68.2115,68.2115,ema20_pullback;trend_stack,51.8343,-0.1474,-0.1145,0.8468,13,4,2,1.8766,1.0725,False,False,0.3637,TOP1_PER_DAY_PLUS_TOP25_SECOND_SIGNALS_DIVERSITY_GUARD
1265,UNKNOWN,2025-06-14 16:00:00,2025-06-14,FVG_TOUCH,Short,63.601,63.601,bearish_fvg_touch,49.9067,-0.7595,-0.1448,0.0814,16,5,3,2.1132,1.3092,False,False,0.3825,TOP1_PER_DAY_PLUS_TOP25_SECOND_SIGNALS_DIVERSITY_GUARD
1379,UNKNOWN,2025-06-15 20:30:00,2025-06-15,FVG_TOUCH,Short,66.3214,66.3214,bearish_fvg_touch,26.6552,-0.2246,1.6563,0.7185,20,6,1,6.1391,-1.3792,False,True,0.0,TOP1_PER_DAY_PLUS_TOP25_SECOND_SIGNALS_DIVERSITY_GUARD
1399,UNKNOWN,2025-06-16 01:30:00,2025-06-16,TREND_PULLBACK,Long,70.399,70.399,ema20_pullback;trend_stack,63.8178,0.0467,1.6787,0.7575,1,0,1,0.6272,4.2028,False,False,0.8702,TOP1_PER_DAY_PLUS_TOP25_SECOND_SIGNALS_DIVERSITY_GUARD
1556,UNKNOWN,2025-06-17 16:45:00,2025-06-17,WEAK_BOS,Short,62.0215,62.0215,break_low,22.3984,-1.7487,4.4144,0.7357,16,1,1,4.7296,-1.0036,False,True,0.0,TOP1_PER_DAY_PLUS_TOP25_SECOND_SIGNALS_DIVERSITY_GUARD
1644,UNKNOWN,2025-06-18 14:45:00,2025-06-18,TREND_PULLBACK,Short,69.5005,69.5005,ema20_pullback;trend_stack,53.0724,-0.2371,1.2658,0.7525,14,2,0,1.7714,2.0215,False,False,0.533,TOP1_PER_DAY_PLUS_TOP25_SECOND_SIGNALS_DIVERSITY_GUARD
1715,UNKNOWN,2025-06-19 08:30:00,2025-06-19,FVG_TOUCH,Long,68.8969,68.8969,bullish_fvg_touch,43.9075,0.2756,-0.7775,0.2519,8,3,0,2.196,2.0529,False,False,0.4832,TOP1_PER_DAY_PLUS_TOP25_SECOND_SIGNALS_DIVERSITY_GUARD
1806,UNKNOWN,2025-06-20 07:15:00,2025-06-20,WEAK_BOS,Long,66.0,66.0,break_high,70.7976,0.4277,4.4768,0.8664,7,4,0,-2.532,6.183,True,False,0.0,TOP1_PER_DAY_PLUS_TOP25_SECOND_SIGNALS_DIVERSITY_GUARD
1948,UNKNOWN,2025-06-21 18:45:00,2025-06-21,WEAK_BOS,Short,66.0,66.0,break_low,28.465,-0.7333,5.6902,0.9594,18,5,0,5.3718,-2.2199,False,True,0.0,TOP1_PER_DAY_PLUS_TOP25_SECOND_SIGNALS_DIVERSITY_GUARD
2021,UNKNOWN,2025-06-22 13:00:00,2025-06-22,TREND_PULLBACK,Short,67.4723,67.4723,ema20_pullback;trend_stack,44.8429,-0.0323,0.3932,0.827,13,6,0,2.5908,0.9656,False,False,0.2715,TOP1_PER_DAY_PLUS_TOP25_SECOND_SIGNALS_DIVERSITY_GUARD
2119,UNKNOWN,2025-06-23 13:30:00,2025-06-23,REAL_CHOCH,Long,77.1077,77.1077,choch_sweep_low;choch_break_high;trend_align,58.8137,0.3569,2.4097,0.5193,13,0,3,-0.1751,2.6055,False,False,0.0,TOP1_PER_DAY_PLUS_TOP25_SECOND_SIGNALS_DIVERSITY_GUARD
2185,UNKNOWN,2025-06-24 06:00:00,2025-06-24,FVG_TOUCH,Long,63.9307,63.9307,bullish_fvg_touch,62.0926,2.7653,-0.3143,0.051,6,1,5,0.3458,3.0065,False,False,0.8969,TOP1_PER_DAY_PLUS_TOP25_SECOND_SIGNALS_DIVERSITY_GUARD
2310,UNKNOWN,2025-06-25 13:15:00,2025-06-25,WEAK_BOS,Long,66.0,66.0,break_high,77.922,1.5007,6.0763,0.9231,13,2,1,-1.7438,6.1154,True,False,0.0,TOP1_PER_DAY_PLUS_TOP25_SECOND_SIGNALS_DIVERSITY_GUARD
2441,UNKNOWN,2025-06-26 22:00:00,2025-06-26,FVG_TOUCH,Short,64.0597,64.0597,bearish_fvg_touch,40.676,-0.1075,0.1687,0.041,22,3,0,3.9414,0.6584,False,False,0.1431,TOP1_PER_DAY_PLUS_TOP25_SECOND_SIGNALS_DIVERSITY_GUARD
2505,UNKNOWN,2025-06-27 14:00:00,2025-06-27,ORDERBLOCK_REACTION,Short,67.2317,67.2317,impulse_pullback_zone,39.4353,-0.5395,2.4811,0.2849,14,4,2,2.0985,1.4691,False,False,0.4118,TOP1_PER_DAY_PLUS_TOP25_SECOND_SIGNALS_DIVERSITY_GUARD
2607,UNKNOWN,2025-06-28 15:30:00,2025-06-28,TREND_PULLBACK,Long,65.2178,65.2178,ema20_pullback;trend_stack,46.8268,0.057,-0.3656,0.999,15,5,2,1.3071,3.1999,False,False,0.71,TOP1_PER_DAY_PLUS_TOP25_SECOND_SIGNALS_DIVERSITY_GUARD
2677,UNKNOWN,2025-06-29 09:00:00,2025-06-29,FVG_TOUCH,Long,76.2251,76.2251,bullish_fvg_touch,91.9457,1.0816,2.1501,0.2404,9,6,0,-0.0479,7.237,False,False,0.0,TOP1_PER_DAY_PLUS_TOP25_SECOND_SIGNALS_DIVERSITY_GUARD
2793,UNKNOWN,2025-06-30 14:00:00,2025-06-30,LIQUIDITY_SWEEP,Long,88.6108,88.6108,sweep_low;reclaim,45.935,-0.6766,4.6656,0.0379,14,0,2,2.3469,0.7487,False,False,0.2419,TOP1_PER_DAY_PLUS_TOP25_SECOND_SIGNALS_DIVERSITY_GUARD
2808,UNKNOWN,2025-06-30 17:45:00,2025-06-30,TREND_PULLBACK,Short,64.9281,64.9281,ema20_pullback;trend_stack,52.4813,-0.3403,-0.2669,0.8052,17,0,0,1.2467,2.3008,False,False,0.6486,TOP1_PER_DAY_PLUS_TOP25_SECOND_SIGNALS_DIVERSITY_GUARD
2893,UNKNOWN,2025-07-01 15:00:00,2025-07-01,FVG_TOUCH,Short,74.9675,74.9675,bearish_fvg_touch,34.671,-0.7385,2.3497,0.51,15,1,1,4.4092,-0.0693,False,False,0.0,TOP1_PER_DAY_PLUS_TOP25_SECOND_SIGNALS_DIVERSITY_GUARD
2964,UNKNOWN,2025-07-02 08:45:00,2025-07-02,FVG_TOUCH,Long,68.9862,68.9862,bullish_fvg_touch,89.2695,2.2055,1.4625,0.2727,8,2,3,0.1251,8.0459,False,False,0.9847,TOP1_PER_DAY_PLUS_TOP25_SECOND_SIGNALS_DIVERSITY_GUARD
3038,UNKNOWN,2025-07-03 03:15:00,2025-07-03,FVG_TOUCH,Long,63.2032,63.2032,bullish_fvg_touch,46.0334,0.5782,-0.5949,0.3633,3,3,0,3.6877,1.1095,False,False,0.2313,TOP1_PER_DAY_PLUS_TOP25_SECOND_SIGNALS_DIVERSITY_GUARD
3176,UNKNOWN,2025-07-04 13:45:00,2025-07-04,WEAK_BOS,Short,66.0,66.0,break_low,14.6817,-1.2118,6.2854,0.942,13,4,0,6.1415,-1.8205,False,True,0.0,TOP1_PER_DAY_PLUS_TOP25_SECOND_SIGNALS_DIVERSITY_GUARD
3297,UNKNOWN,2025-07-05 20:00:00,2025-07-05,TREND_PULLBACK,Short,67.7811,67.7811,ema20_pullback;trend_stack,55.0527,-0.1597,0.8599,0.7383,20,5,0,1.5612,1.6634,False,False,0.5158,TOP1_PER_DAY_PLUS_TOP25_SECOND_SIGNALS_DIVERSITY_GUARD
3395,UNKNOWN,2025-07-06 20:30:00,2025-07-06,FVG_TOUCH,Long,68.9577,68.9577,bullish_fvg_touch,49.6278,0.7111,-0.4271,0.7027,20,6,0,1.1923,2.6945,False,False,0.6932,TOP1_PER_DAY_PLUS_TOP25_SECOND_SIGNALS_DIVERSITY_GUARD
3419,UNKNOWN,2025-07-07 02:30:00,2025-07-07,FVG_TOUCH,Long,73.0312,73.0312,bullish_fvg_touch,57.3436,1.0351,0.0208,0.1982,2,0,0,1.2413,3.9368,False,False,0.7603,TOP1_PER_DAY_PLUS_TOP25_SECOND_SIGNALS_DIVERSITY_GUARD
3547,UNKNOWN,2025-07-08 10:30:00,2025-07-08,FVG_TOUCH,Long,66.1543,66.1543,bullish_fvg_touch,77.203,0.9364,1.7002,0.8749,10,1,0,-1.3888,6.2831,True,False,0.0,TOP1_PER_DAY_PLUS_TOP25_SECOND_SIGNALS_DIVERSITY_GUARD
3647,UNKNOWN,2025-07-09 11:30:00,2025-07-09,FVG_TOUCH,Long,70.9808,70.9808,bullish_fvg_touch,67.6542,0.6371,0.6414,0.1165,11,2,1,0.2329,4.7727,False,False,0.9535,TOP1_PER_DAY_PLUS_TOP25_SECOND_SIGNALS_DIVERSITY_GUARD
3764,UNKNOWN,2025-07-10 16:45:00,2025-07-10,FVG_TOUCH,Long,74.3054,74.3054,bullish_fvg_touch,74.1666,0.6856,0.8702,0.0376,16,3,0,0.1649,5.1212,False,False,0.9688,TOP1_PER_DAY_PLUS_TOP25_SECOND_SIGNALS_DIVERSITY_GUARD
3860,UNKNOWN,2025-07-11 16:45:00,2025-07-11,FVG_TOUCH,Long,63.6425,63.6425,bullish_fvg_touch,46.2486,0.4625,-0.4522,0.2777,16,4,0,1.6564,1.5942,False,False,0.4904,TOP1_PER_DAY_PLUS_TOP25_SECOND_SIGNALS_DIVERSITY_GUARD
3893,UNKNOWN,2025-07-12 01:00:00,2025-07-12,TREND_PULLBACK,Long,63.4924,63.4924,ema20_pullback;trend_stack,53.7673,0.1126,-0.6915,0.7071,1,5,0,2.0806,2.2109,False,False,0.5152,TOP1_PER_DAY_PLUS_TOP25_SECOND_SIGNALS_DIVERSITY_GUARD
4041,UNKNOWN,2025-07-13 14:00:00,2025-07-13,FVG_TOUCH,Long,68.0274,68.0274,bullish_fvg_touch,74.1759,0.9819,0.8807,0.1228,14,6,5,0.6216,3.9459,False,False,0.8639,TOP1_PER_DAY_PLUS_TOP25_SECOND_SIGNALS_DIVERSITY_GUARD
4097,UNKNOWN,2025-07-14 04:00:00,2025-07-14,FVG_TOUCH,Long,73.9052,73.9052,bullish_fvg_touch,69.7908,1.1375,0.6035,0.1859,4,0,0,2.1172,5.2014,False,False,0.7107,TOP1_PER_DAY_PLUS_TOP25_SECOND_SIGNALS_DIVERSITY_GUARD
4235,UNKNOWN,2025-07-15 14:30:00,2025-07-15,TREND_PULLBACK,Short,65.2788,65.2788,ema20_pullback;trend_stack,51.3365,-0.3484,1.9303,0.6257,14,1,1,2.378,0.9705,False,False,0.2898,TOP1_PER_DAY_PLUS_TOP25_SECOND_SIGNALS_DIVERSITY_GUARD
4334,UNKNOWN,2025-07-16 15:15:00,2025-07-16,FVG_TOUCH,Long,73.5236,73.5236,bullish_fvg_touch,61.0449,0.6789,3.5926,0.3985,15,2,0,0.7417,2.7775,False,False,0.7892,TOP1_PER_DAY_PLUS_TOP25_SECOND_SIGNALS_DIVERSITY_GUARD
4454,UNKNOWN,2025-07-17 21:15:00,2025-07-17,WEAK_BOS,Long,66.0,66.0,break_high,70.4181,0.9342,5.6359,0.9399,21,3,2,-1.7161,5.9308,True,False,0.0,TOP1_PER_DAY_PLUS_TOP25_SECOND_SIGNALS_DIVERSITY_GUARD
4485,UNKNOWN,2025-07-18 05:00:00,2025-07-18,FVG_TOUCH,Long,67.7237,67.7237,bullish_fvg_touch,54.085,1.1526,0.4298,0.34,5,4,1,0.7987,4.8528,False,False,0.8587,TOP1_PER_DAY_PLUS_TOP25_SECOND_SIGNALS_DIVERSITY_GUARD
4585,UNKNOWN,2025-07-19 06:00:00,2025-07-19,FVG_TOUCH,Long,65.2865,65.2865,bullish_fvg_touch,53.9746,0.3197,-0.7583,0.0565,6,5,0,1.2051,4.4081,False,False,0.7853,TOP1_PER_DAY_PLUS_TOP25_SECOND_SIGNALS_DIVERSITY_GUARD
4646,UNKNOWN,2025-07-19 21:15:00,2025-07-19,LIQUIDITY_SWEEP,Long,88.4392,88.4392,sweep_low;reclaim,45.5349,-0.461,5.334,0.211,21,5,2,2.2543,0.7505,False,False,0.2498,TOP1_PER_DAY_PLUS_TOP25_SECOND_SIGNALS_DIVERSITY_GUARD
4745,UNKNOWN,2025-07-20 22:00:00,2025-07-20,WEAK_BOS,Short,66.0,66.0,break_low,21.6642,-0.3024,7.5707,0.9006,22,6,0,5.9281,-3.2747,False,True,0.0,TOP1_PER_DAY_PLUS_TOP25_SECOND_SIGNALS_DIVERSITY_GUARD
4746,UNKNOWN,2025-07-20 22:15:00,2025-07-20,LIQUIDITY_SWEEP,Long,88.3321,88.3321,sweep_low;reclaim,28.7925,-0.3852,6.3837,0.3965,22,6,2,3.9823,1.2979,False,False,0.2458,TOP1_PER_DAY_PLUS_TOP25_SECOND_SIGNALS_DIVERSITY_GUARD
4819,UNKNOWN,2025-07-21 16:30:00,2025-07-21,FVG_TOUCH,Short,66.9966,66.9966,bearish_fvg_touch,47.8277,-0.0876,-0.1111,0.1983,16,0,1,3.2258,0.9024,False,False,0.2186,TOP1_PER_DAY_PLUS_TOP25_SECOND_SIGNALS_DIVERSITY_GUARD
4889,UNKNOWN,2025-07-22 10:00:00,2025-07-22,FVG_TOUCH,Long,65.3078,65.3078,bullish_fvg_touch,63.0536,0.6388,-0.5128,0.2035,10,1,0,0.5867,4.8504,False,False,0.8921,TOP1_PER_DAY_PLUS_TOP25_SECOND_SIGNALS_DIVERSITY_GUARD
4905,UNKNOWN,2025-07-22 14:00:00,2025-07-22,LIQUIDITY_SWEEP,Long,88.7261,88.7261,sweep_low;reclaim,44.931,1.1201,4.3449,0.2724,14,1,0,2.8867,1.3393,False,False,0.3169,TOP1_PER_DAY_PLUS_TOP25_SECOND_SIGNALS_DIVERSITY_GUARD
4971,UNKNOWN,2025-07-23 06:30:00,2025-07-23,FVG_TOUCH,Short,63.1192,63.1192,bearish_fvg_touch,30.4048,-0.9711,-0.4328,0.6209,6,2,3,6.3907,0.0379,False,False,0.0059,TOP1_PER_DAY_PLUS_TOP25_SECOND_SIGNALS_DIVERSITY_GUARD
5069,UNKNOWN,2025-07-24 07:00:00,2025-07-24,LIQUIDITY_SWEEP,Long,88.3663,88.3663,sweep_low;reclaim,36.3799,-0.5544,3.295,0.5993,7,3,0,3.276,1.5977,False,False,0.3278,TOP1_PER_DAY_PLUS_TOP25_SECOND_SIGNALS_DIVERSITY_GUARD
5087,UNKNOWN,2025-07-24 11:30:00,2025-07-24,FVG_TOUCH,Long,68.199,68.199,bullish_fvg_touch,47.1426,0.1474,-1.1264,0.2619,11,3,0,0.762,6.2388,False,False,0.8912,TOP1_PER_DAY_PLUS_TOP25_SECOND_SIGNALS_DIVERSITY_GUARD
5191,UNKNOWN,2025-07-25 13:30:00,2025-07-25,ORDERBLOCK_REACTION,Short,68.8964,68.8964,impulse_pullback_zone,37.466,-0.6213,1.7193,0.4104,13,4,1,3.1517,1.7508,False,False,0.3571,TOP1_PER_DAY_PLUS_TOP25_SECOND_SIGNALS_DIVERSITY_GUARD
5316,UNKNOWN,2025-07-26 20:45:00,2025-07-26,FVG_TOUCH,Short,66.3691,66.3691,bearish_fvg_touch,42.3731,1.3339,-0.2276,0.3014,20,5,0,3.8649,0.7419,False,False,0.161,TOP1_PER_DAY_PLUS_TOP25_SECOND_SIGNALS_DIVERSITY_GUARD
5393,UNKNOWN,2025-07-27 16:00:00,2025-07-27,WEAK_BOS,Long,66.0,66.0,break_high,85.6763,0.6588,8.2551,0.9887,16,6,0,-2.5259,5.7564,True,False,0.0,TOP1_PER_DAY_PLUS_TOP25_SECOND_SIGNALS_DIVERSITY_GUARD
5484,UNKNOWN,2025-07-28 14:45:00,2025-07-28,FVG_TOUCH,Short,63.6509,63.6509,bearish_fvg_touch,35.2687,-0.6885,0.1332,0.761,14,0,1,3.2567,0.1992,False,False,0.0576,TOP1_PER_DAY_PLUS_TOP25_SECOND_SIGNALS_DIVERSITY_GUARD
5584,UNKNOWN,2025-07-29 15:45:00,2025-07-29,FVG_TOUCH,Short,65.7379,65.7379,bearish_fvg_touch,13.5021,-0.6229,1.645,0.1593,15,1,1,5.0246,0.3744,False,False,0.0693,TOP1_PER_DAY_PLUS_TOP25_SECOND_SIGNALS_DIVERSITY_GUARD
5689,UNKNOWN,2025-07-30 18:00:00,2025-07-30,TREND_PULLBACK,Short,67.9179,67.9179,ema20_pullback;trend_stack,37.9169,-0.1856,3.0948,0.1908,18,2,1,3.557,0.7727,False,False,0.1785,TOP1_PER_DAY_PLUS_TOP25_SECOND_SIGNALS_DIVERSITY_GUARD
5784,UNKNOWN,2025-07-31 17:45:00,2025-07-31,FVG_TOUCH,Short,64.2015,64.2015,bearish_fvg_touch,45.1695,-0.1538,0.4866,0.6203,17,3,1,3.3627,0.1244,False,False,0.0357,TOP1_PER_DAY_PLUS_TOP25_SECOND_SIGNALS_DIVERSITY_GUARD
5887,UNKNOWN,2025-08-01 19:30:00,2025-08-01,FVG_TOUCH,Short,64.6741,64.6741,bearish_fvg_touch,4.4989,-1.0699,1.0709,0.2364,19,4,3,5.3483,-0.0367,False,False,0.0,TOP1_PER_DAY_PLUS_TOP25_SECOND_SIGNALS_DIVERSITY_GUARD
5945,UNKNOWN,2025-08-02 10:00:00,2025-08-02,FVG_TOUCH,Short,64.1552,64.1552,bearish_fvg_touch,52.2142,-0.6759,-0.8686,0.6133,10,5,2,2.7479,0.9569,False,False,0.2583,TOP1_PER_DAY_PLUS_TOP25_SECOND_SIGNALS_DIVERSITY_GUARD
6053,UNKNOWN,2025-08-03 13:00:00,2025-08-03,FVG_TOUCH,Long,69.5928,69.5928,bullish_fvg_touch,64.0093,1.3978,-0.6221,0.3653,13,6,0,1.1284,3.2873,False,False,0.7445,TOP1_PER_DAY_PLUS_TOP25_SECOND_SIGNALS_DIVERSITY_GUARD
6151,UNKNOWN,2025-08-04 13:30:00,2025-08-04,REAL_CHOCH,Long,76.5534,76.5534,choch_sweep_low;choch_break_high;trend_align,61.6827,0.1019,5.3092,0.8283,13,0,2,-0.2362,3.2059,False,False,0.0,TOP1_PER_DAY_PLUS_TOP25_SECOND_SIGNALS_DIVERSITY_GUARD
6277,UNKNOWN,2025-08-05 21:00:00,2025-08-05,FVG_TOUCH,Short,65.1366,65.1366,bearish_fvg_touch,59.874,-0.7492,-0.4657,0.1798,21,1,0,1.3614,3.5391,False,False,0.7222,TOP1_PER_DAY_PLUS_TOP25_SECOND_SIGNALS_DIVERSITY_GUARD
6348,UNKNOWN,2025-08-06 14:45:00,2025-08-06,WEAK_BOS,Long,66.0,66.0,break_high,69.8468,0.372,6.099,0.8269,14,2,0,-1.7984,4.2707,True,False,0.0,TOP1_PER_DAY_PLUS_TOP25_SECOND_SIGNALS_DIVERSITY_GUARD
6427,UNKNOWN,2025-08-07 10:30:00,2025-08-07,WEAK_BOS,Long,66.0,66.0,break_high,84.3498,0.9232,5.6669,0.9251,10,3,0,-2.2165,8.432,True,False,0.0,TOP1_PER_DAY_PLUS_TOP25_SECOND_SIGNALS_DIVERSITY_GUARD
6537,UNKNOWN,2025-08-08 14:00:00,2025-08-08,LIQUIDITY_SWEEP,Short,89.7883,89.7883,sweep_high;reclaim,60.7282,-0.044,3.5768,0.2339,14,4,1,0.8559,1.9868,False,False,0.6989,TOP1_PER_DAY_PLUS_TOP25_SECOND_SIGNALS_DIVERSITY_GUARD
6569,UNKNOWN,2025-08-08 22:00:00,2025-08-08,FVG_TOUCH,Long,66.493,66.493,bullish_fvg_touch,72.7637,0.3994,-0.4142,0.0325,22,4,1,0.2495,4.8047,False,False,0.9506,TOP1_PER_DAY_PLUS_TOP25_SECOND_SIGNALS_DIVERSITY_GUARD
6656,UNKNOWN,2025-08-09 19:45:00,2025-08-09,FVG_TOUCH,Short,63.3709,63.3709,bearish_fvg_touch,34.0681,-0.9556,-0.5699,0.2238,19,5,3,5.5221,-0.0019,False,False,0.0,TOP1_PER_DAY_PLUS_TOP25_SECOND_SIGNALS_DIVERSITY_GUARD
6688,UNKNOWN,2025-08-10 03:45:00,2025-08-10,FVG_TOUCH,Long,69.509,69.509,bullish_fvg_touch,87.6205,1.0125,1.5534,0.7349,3,6,2,0.0689,7.2635,False,False,0.9906,TOP1_PER_DAY_PLUS_TOP25_SECOND_SIGNALS_DIVERSITY_GUARD
6857,UNKNOWN,2025-08-11 22:00:00,2025-08-11,FVG_TOUCH,Short,67.0323,67.0323,bearish_fvg_touch,30.465,-1.4648,-0.5475,0.3617,22,0,0,4.2648,1.3147,False,False,0.2356,TOP1_PER_DAY_PLUS_TOP25_SECOND_SIGNALS_DIVERSITY_GUARD
6879,UNKNOWN,2025-08-12 03:30:00,2025-08-12,FVG_TOUCH,Short,64.5664,64.5664,bearish_fvg_touch,55.3152,-1.2431,-0.8567,0.2328,3,1,0,1.8282,2.3721,False,False,0.5648,TOP1_PER_DAY_PLUS_TOP25_SECOND_SIGNALS_DIVERSITY_GUARD
6919,UNKNOWN,2025-08-12 13:30:00,2025-08-12,LIQUIDITY_SWEEP,Short,91.1917,91.1917,sweep_high;reclaim,58.1707,-0.2353,3.935,0.4401,13,1,1,1.5282,1.3801,False,False,0.4745,TOP1_PER_DAY_PLUS_TOP25_SECOND_SIGNALS_DIVERSITY_GUARD
7016,UNKNOWN,2025-08-13 13:45:00,2025-08-13,WEAK_BOS,Long,66.0,66.0,break_high,73.5056,1.0147,8.7856,0.8021,13,2,1,-2.6763,5.2994,True,False,0.0,TOP1_PER_DAY_PLUS_TOP25_SECOND_SIGNALS_DIVERSITY_GUARD
7107,UNKNOWN,2025-08-14 12:30:00,2025-08-14,WEAK_BOS,Short,66.0,66.0,break_low,14.6215,-1.0712,7.6319,0.4455,12,3,0,4.7911,-1.7268,False,True,0.0,TOP1_PER_DAY_PLUS_TOP25_SECOND_SIGNALS_DIVERSITY_GUARD
7214,UNKNOWN,2025-08-15 15:15:00,2025-08-15,FVG_TOUCH,Short,69.072,69.072,bearish_fvg_touch,12.7754,-0.8388,1.702,0.4754,15,4,3,4.718,0.2524,False,False,0.0508,TOP1_PER_DAY_PLUS_TOP25_SECOND_SIGNALS_DIVERSITY_GUARD
7288,UNKNOWN,2025-08-16 09:45:00,2025-08-16,TREND_PULLBACK,Short,64.5649,64.5649,ema20_pullback;trend_stack,42.6977,-0.1396,0.0548,0.9471,9,5,3,4.0634,0.2267,False,False,0.0528,TOP1_PER_DAY_PLUS_TOP25_SECOND_SIGNALS_DIVERSITY_GUARD
7364,UNKNOWN,2025-08-17 04:45:00,2025-08-17,WEAK_BOS,Long,66.0,66.0,break_high,88.7603,0.3651,5.9179,0.7008,4,6,0,-2.1388,6.7921,True,False,0.0,TOP1_PER_DAY_PLUS_TOP25_SECOND_SIGNALS_DIVERSITY_GUARD
7446,UNKNOWN,2025-08-18 01:15:00,2025-08-18,WEAK_BOS,Short,63.582,63.582,break_low,25.4328,-0.8689,4.342,0.8402,1,0,0,5.1616,-1.2637,False,True,0.0,TOP1_PER_DAY_PLUS_TOP25_SECOND_SIGNALS_DIVERSITY_GUARD
7591,UNKNOWN,2025-08-19 13:30:00,2025-08-19,TREND_PULLBACK,Short,75.3279,75.3279,ema20_pullback;trend_stack,41.7202,-0.164,4.6658,0.7356,13,1,1,2.9324,1.3476,False,False,0.3149,TOP1_PER_DAY_PLUS_TOP25_SECOND_SIGNALS_DIVERSITY_GUARD
7687,UNKNOWN,2025-08-20 13:30:00,2025-08-20,FVG_TOUCH,Short,69.2009,69.2009,bearish_fvg_touch,39.9294,-0.1009,1.0409,0.5219,13,2,3,3.0093,0.2724,False,False,0.083,TOP1_PER_DAY_PLUS_TOP25_SECOND_SIGNALS_DIVERSITY_GUARD
7761,UNKNOWN,2025-08-21 08:00:00,2025-08-21,FVG_TOUCH,Long,60.4645,60.4645,bullish_fvg_touch,52.6774,-0.3821,-0.7349,0.3422,8,3,1,3.0458,1.9617,False,False,0.3918,TOP1_PER_DAY_PLUS_TOP25_SECOND_SIGNALS_DIVERSITY_GUARD
7849,UNKNOWN,2025-08-22 06:00:00,2025-08-22,FVG_TOUCH,Long,64.5588,64.5588,bullish_fvg_touch,49.8706,0.4296,-0.4247,0.2096,6,4,0,0.9431,4.0121,False,False,0.8097,TOP1_PER_DAY_PLUS_TOP25_SECOND_SIGNALS_DIVERSITY_GUARD
7976,UNKNOWN,2025-08-23 13:45:00,2025-08-23,FVG_TOUCH,Short,67.9911,67.9911,bearish_fvg_touch,15.2233,-1.5139,-0.0847,0.2887,13,5,2,5.9196,0.7431,False,False,0.1115,TOP1_PER_DAY_PLUS_TOP25_SECOND_SIGNALS_DIVERSITY_GUARD
8095,UNKNOWN,2025-08-24 19:30:00,2025-08-24,WEAK_BOS,Short,66.0,66.0,break_low,28.7874,-0.3362,9.6287,0.3911,19,6,0,3.5718,-2.2521,False,True,0.0,TOP1_PER_DAY_PLUS_TOP25_SECOND_SIGNALS_DIVERSITY_GUARD
8193,UNKNOWN,2025-08-25 20:00:00,2025-08-25,WEAK_BOS,Short,63.7291,63.7291,break_low,13.3064,-0.4148,7.0126,0.5438,20,0,0,6.2102,-1.2882,False,True,0.0,TOP1_PER_DAY_PLUS_TOP25_SECOND_SIGNALS_DIVERSITY_GUARD
8211,UNKNOWN,2025-08-26 00:30:00,2025-08-26,FVG_TOUCH,Short,66.4041,66.4041,bearish_fvg_touch,45.6454,-1.6629,0.4486,0.6336,0,1,1,6.3014,-0.1414,False,False,0.0,TOP1_PER_DAY_PLUS_TOP25_SECOND_SIGNALS_DIVERSITY_GUARD
8361,UNKNOWN,2025-08-27 14:00:00,2025-08-27,FVG_TOUCH,Long,64.7056,64.7056,bullish_fvg_touch,64.2369,0.3218,0.636,0.3432,14,2,4,0.8298,3.1036,False,False,0.789,TOP1_PER_DAY_PLUS_TOP25_SECOND_SIGNALS_DIVERSITY_GUARD
8386,UNKNOWN,2025-08-27 20:15:00,2025-08-27,LIQUIDITY_SWEEP,Long,92.087,92.087,sweep_low;reclaim,49.2753,0.6801,6.9557,0.1062,20,2,2,1.2935,1.4286,False,False,0.5248,TOP1_PER_DAY_PLUS_TOP25_SECOND_SIGNALS_DIVERSITY_GUARD
8416,UNKNOWN,2025-08-28 03:45:00,2025-08-28,FVG_TOUCH,Long,63.1003,63.1003,bullish_fvg_touch,80.75,0.1166,-0.5982,0.417,3,3,0,0.0754,4.8161,False,False,0.9846,TOP1_PER_DAY_PLUS_TOP25_SECOND_SIGNALS_DIVERSITY_GUARD
8504,UNKNOWN,2025-08-29 01:45:00,2025-08-29,FVG_TOUCH,Short,68.1128,68.1128,bearish_fvg_touch,25.8932,-0.8015,-0.0828,0.6002,1,4,2,4.6606,0.3008,False,False,0.0606,TOP1_PER_DAY_PLUS_TOP25_SECOND_SIGNALS_DIVERSITY_GUARD
8661,UNKNOWN,2025-08-30 17:00:00,2025-08-30,FVG_TOUCH,Long,64.7031,64.7031,bullish_fvg_touch,69.7631,0.6769,-0.5902,0.5889,17,5,0,0.3705,4.6379,False,False,0.926,TOP1_PER_DAY_PLUS_TOP25_SECOND_SIGNALS_DIVERSITY_GUARD
8692,UNKNOWN,2025-08-31 00:45:00,2025-08-31,WEAK_BOS,Long,64.2217,64.2217,break_high,86.5058,0.8483,3.9189,0.7063,0,6,3,-1.3906,7.9631,True,False,0.0,TOP1_PER_DAY_PLUS_TOP25_SECOND_SIGNALS_DIVERSITY_GUARD
8871,UNKNOWN,2025-09-01 21:30:00,2025-09-01,WEAK_BOS,Short,64.1106,64.1106,break_low,23.9893,-0.2319,2.7834,0.8041,21,0,2,5.6706,-1.6559,False,True,0.0,TOP1_PER_DAY_PLUS_TOP25_SECOND_SIGNALS_DIVERSITY_GUARD
8963,UNKNOWN,2025-09-02 20:30:00,2025-09-02,FVG_TOUCH,Long,69.9503,69.9503,bullish_fvg_touch,67.4386,0.8459,-0.3954,0.1029,20,1,2,0.1888,3.4139,False,False,0.9476,TOP1_PER_DAY_PLUS_TOP25_SECOND_SIGNALS_DIVERSITY_GUARD
9058,UNKNOWN,2025-09-03 20:15:00,2025-09-03,FVG_TOUCH,Long,65.2148,65.2148,bullish_fvg_touch,56.0624,0.9892,-0.6002,0.2287,20,2,0,1.772,1.7551,False,False,0.4976,TOP1_PER_DAY_PLUS_TOP25_SECOND_SIGNALS_DIVERSITY_GUARD
9164,UNKNOWN,2025-09-04 22:45:00,2025-09-04,FVG_TOUCH,Long,71.5153,71.5153,bullish_fvg_touch,82.7828,0.2284,2.8841,0.8541,22,3,1,-2.0436,7.2797,True,False,0.0,TOP1_PER_DAY_PLUS_TOP25_SECOND_SIGNALS_DIVERSITY_GUARD
9197,UNKNOWN,2025-09-05 07:00:00,2025-09-05,WEAK_BOS,Long,66.0,66.0,break_high,82.9675,1.983,5.2206,0.6271,7,4,0,-2.1098,6.518,True,False,0.0,TOP1_PER_DAY_PLUS_TOP25_SECOND_SIGNALS_DIVERSITY_GUARD
9328,UNKNOWN,2025-09-06 15:45:00,2025-09-06,WEAK_BOS,Short,64.2416,64.2416,break_low,25.0415,-0.5858,2.8277,0.8584,15,5,0,5.6667,-1.8763,False,True,0.0,TOP1_PER_DAY_PLUS_TOP25_SECOND_SIGNALS_DIVERSITY_GUARD
9424,UNKNOWN,2025-09-07 15:45:00,2025-09-07,FVG_TOUCH,Long,68.5155,68.5155,bullish_fvg_touch,62.6323,1.4827,-0.3838,0.0771,15,6,1,0.7701,2.2441,False,False,0.7445,TOP1_PER_DAY_PLUS_TOP25_SECOND_SIGNALS_DIVERSITY_GUARD
9511,UNKNOWN,2025-09-08 13:30:00,2025-09-08,FVG_TOUCH,Long,68.328,68.328,bullish_fvg_touch,58.7979,1.5451,2.7315,0.0117,13,0,0,0.7764,3.257,False,False,0.8075,TOP1_PER_DAY_PLUS_TOP25_SECOND_SIGNALS_DIVERSITY_GUARD
9577,UNKNOWN,2025-09-09 06:00:00,2025-09-09,WEAK_BOS,Long,65.566,65.566,break_high,86.848,0.0303,3.7107,0.7868,6,1,0,-1.8474,6.8378,True,False,0.0,TOP1_PER_DAY_PLUS_TOP25_SECOND_SIGNALS_DIVERSITY_GUARD
9699,UNKNOWN,2025-09-10 12:30:00,2025-09-10,WEAK_BOS,Long,65.9924,65.9924,break_high,80.4064,1.3232,6.9885,0.6746,12,2,0,-1.6654,5.0871,True,False,0.0,TOP1_PER_DAY_PLUS_TOP25_SECOND_SIGNALS_DIVERSITY_GUARD
9800,UNKNOWN,2025-09-11 13:45:00,2025-09-11,ORDERBLOCK_REACTION,Long,70.6028,70.6028,impulse_pullback_zone,60.7996,0.117,3.4045,0.7557,13,3,5,-0.2057,3.2826,False,False,0.0,TOP1_PER_DAY_PLUS_TOP25_SECOND_SIGNALS_DIVERSITY_GUARD
9842,UNKNOWN,2025-09-12 00:15:00,2025-09-12,FVG_TOUCH,Long,66.5375,66.5375,bullish_fvg_touch,92.1676,1.8628,1.2538,0.5926,0,4,1,-0.5125,7.8807,False,False,0.0,TOP1_PER_DAY_PLUS_TOP25_SECOND_SIGNALS_DIVERSITY_GUARD
9994,UNKNOWN,2025-09-13 14:15:00,2025-09-13,TREND_PULLBACK,Long,70.1368,70.1368,ema20_pullback;trend_stack,48.4498,0.0881,0.6404,0.7637,14,5,0,2.4168,2.6611,False,False,0.5241,TOP1_PER_DAY_PLUS_TOP25_SECOND_SIGNALS_DIVERSITY_GUARD
10069,UNKNOWN,2025-09-14 09:00:00,2025-09-14,FVG_TOUCH,Long,64.5715,64.5715,bullish_fvg_touch,60.8527,0.1984,-0.2851,0.2723,9,6,3,0.3843,6.3709,False,False,0.9431,TOP1_PER_DAY_PLUS_TOP25_SECOND_SIGNALS_DIVERSITY_GUARD
10139,UNKNOWN,2025-09-15 02:30:00,2025-09-15,FVG_TOUCH,Long,60.9654,60.9654,bullish_fvg_touch,45.0133,-0.6089,-0.5215,0.3048,2,0,2,3.1203,2.7478,False,False,0.4683,TOP1_PER_DAY_PLUS_TOP25_SECOND_SIGNALS_DIVERSITY_GUARD
10280,UNKNOWN,2025-09-16 13:45:00,2025-09-16,LIQUIDITY_SWEEP,Long,89.9919,89.9919,sweep_low;reclaim,37.6273,-0.1623,6.6327,0.2108,13,1,2,2.6311,0.7512,False,False,0.2221,TOP1_PER_DAY_PLUS_TOP25_SECOND_SIGNALS_DIVERSITY_GUARD
10290,UNKNOWN,2025-09-16 16:15:00,2025-09-16,FVG_TOUCH,Long,71.8366,71.8366,bullish_fvg_touch,58.536,0.0229,0.5393,0.3236,16,1,0,0.5059,3.6281,False,False,0.8776,TOP1_PER_DAY_PLUS_TOP25_SECOND_SIGNALS_DIVERSITY_GUARD
10387,UNKNOWN,2025-09-17 16:30:00,2025-09-17,FVG_TOUCH,Short,64.557,64.557,bearish_fvg_touch,36.0657,-1.0939,0.2548,0.8652,16,2,3,3.9105,0.2963,False,False,0.0704,TOP1_PER_DAY_PLUS_TOP25_SECOND_SIGNALS_DIVERSITY_GUARD
10394,UNKNOWN,2025-09-17 18:15:00,2025-09-17,LIQUIDITY_SWEEP,Long,92.0,92.0,sweep_low;reclaim,56.4567,-0.6899,4.4729,0.4442,18,2,1,0.9899,1.4861,False,False,0.6002,TOP1_PER_DAY_PLUS_TOP25_SECOND_SIGNALS_DIVERSITY_GUARD
10491,UNKNOWN,2025-09-18 18:30:00,2025-09-18,FVG_TOUCH,Long,67.735,67.735,bullish_fvg_touch,64.2411,1.0073,-0.5662,0.0325,18,3,0,0.5826,3.859,False,False,0.8688,TOP1_PER_DAY_PLUS_TOP25_SECOND_SIGNALS_DIVERSITY_GUARD
10573,UNKNOWN,2025-09-19 15:00:00,2025-09-19,WEAK_BOS,Short,62.6747,62.6747,break_low,20.7117,-1.3757,4.2676,0.8469,15,4,3,4.4901,-1.1125,False,True,0.0,TOP1_PER_DAY_PLUS_TOP25_SECOND_SIGNALS_DIVERSITY_GUARD
10696,UNKNOWN,2025-09-20 21:45:00,2025-09-20,TREND_PULLBACK,Short,66.7949,66.7949,ema20_pullback;trend_stack,49.098,-0.153,-0.6746,0.7695,21,5,1,4.3369,1.4545,False,False,0.2511,TOP1_PER_DAY_PLUS_TOP25_SECOND_SIGNALS_DIVERSITY_GUARD
10799,UNKNOWN,2025-09-21 23:30:00,2025-09-21,FVG_TOUCH,Short,70.7393,70.7393,bearish_fvg_touch,45.1963,-0.5292,-0.2831,0.3721,23,6,1,2.1971,0.5272,False,False,0.1935,TOP1_PER_DAY_PLUS_TOP25_SECOND_SIGNALS_DIVERSITY_GUARD
10861,UNKNOWN,2025-09-22 15:00:00,2025-09-22,FVG_TOUCH,Short,65.6687,65.6687,bearish_fvg_touch,53.578,-1.1234,-0.0988,0.2698,15,0,1,1.8904,2.0133,False,False,0.5157,TOP1_PER_DAY_PLUS_TOP25_SECOND_SIGNALS_DIVERSITY_GUARD
10912,UNKNOWN,2025-09-23 03:45:00,2025-09-23,FVG_TOUCH,Long,67.2653,67.2653,bullish_fvg_touch,41.7171,-0.7617,-0.1332,0.4114,3,1,2,1.7918,3.0962,False,False,0.6334,TOP1_PER_DAY_PLUS_TOP25_SECOND_SIGNALS_DIVERSITY_GUARD
11004,UNKNOWN,2025-09-24 02:45:00,2025-09-24,TREND_PULLBACK,Short,67.0194,67.0194,ema20_pullback;trend_stack,57.6965,-0.3007,3.4307,0.3092,2,2,2,1.8538,1.3997,False,False,0.4302,TOP1_PER_DAY_PLUS_TOP25_SECOND_SIGNALS_DIVERSITY_GUARD
11133,UNKNOWN,2025-09-25 11:00:00,2025-09-25,FVG_TOUCH,Short,63.1798,63.1798,bearish_fvg_touch,43.2197,-1.7228,-0.0793,0.3676,11,3,3,3.2862,0.5276,False,False,0.1383,TOP1_PER_DAY_PLUS_TOP25_SECOND_SIGNALS_DIVERSITY_GUARD
11242,UNKNOWN,2025-09-26 14:15:00,2025-09-26,TREND_PULLBACK,Short,63.5805,63.5805,ema20_pullback;trend_stack,53.3482,-0.2971,0.4769,0.4257,14,4,0,1.846,1.2459,False,False,0.403,TOP1_PER_DAY_PLUS_TOP25_SECOND_SIGNALS_DIVERSITY_GUARD
11349,UNKNOWN,2025-09-27 17:00:00,2025-09-27,TREND_PULLBACK,Short,63.7234,63.7234,ema20_pullback;trend_stack,46.2889,-0.2877,-0.1056,0.5692,17,5,0,1.7777,1.3659,False,False,0.4345,TOP1_PER_DAY_PLUS_TOP25_SECOND_SIGNALS_DIVERSITY_GUARD
11465,UNKNOWN,2025-09-28 22:00:00,2025-09-28,WEAK_BOS,Long,66.0,66.0,break_high,78.3679,2.013,6.8995,0.8924,22,6,0,-2.6163,7.0367,True,False,0.0,TOP1_PER_DAY_PLUS_TOP25_SECOND_SIGNALS_DIVERSITY_GUARD
11553,UNKNOWN,2025-09-29 20:00:00,2025-09-29,FVG_TOUCH,Long,66.223,66.223,bullish_fvg_touch,77.3623,2.7854,0.0807,0.3574,20,0,1,0.1669,3.8566,False,False,0.9585,TOP1_PER_DAY_PLUS_TOP25_SECOND_SIGNALS_DIVERSITY_GUARD
11607,UNKNOWN,2025-09-30 09:30:00,2025-09-30,FVG_TOUCH,Short,67.1384,67.1384,bearish_fvg_touch,18.0412,-0.8328,0.9146,0.6586,9,1,0,6.3229,-1.1252,False,True,0.0,TOP1_PER_DAY_PLUS_TOP25_SECOND_SIGNALS_DIVERSITY_GUARD
11723,UNKNOWN,2025-10-01 14:30:00,2025-10-01,FVG_TOUCH,Long,67.8055,67.8055,bullish_fvg_touch,72.0403,2.7304,-0.0284,0.4766,14,2,2,0.4788,3.9952,False,False,0.893,TOP1_PER_DAY_PLUS_TOP25_SECOND_SIGNALS_DIVERSITY_GUARD
11761,UNKNOWN,2025-10-02 00:00:00,2025-10-02,WEAK_BOS,Long,64.6446,64.6446,break_high,83.7615,1.9702,3.5926,0.6271,0,3,6,-1.5426,6.3748,True,False,0.0,TOP1_PER_DAY_PLUS_TOP25_SECOND_SIGNALS_DIVERSITY_GUARD
11941,UNKNOWN,2025-10-03 21:00:00,2025-10-03,FVG_TOUCH,Long,65.1685,65.1685,bullish_fvg_touch,47.5728,1.4643,-0.4452,0.0073,21,4,0,3.308,2.1597,False,False,0.395,TOP1_PER_DAY_PLUS_TOP25_SECOND_SIGNALS_DIVERSITY_GUARD
11970,UNKNOWN,2025-10-04 04:15:00,2025-10-04,FVG_TOUCH,Long,68.5125,68.5125,bullish_fvg_touch,61.5321,0.7836,-0.1447,0.3883,4,5,0,0.0593,3.8555,False,False,0.9849,TOP1_PER_DAY_PLUS_TOP25_SECOND_SIGNALS_DIVERSITY_GUARD
12058,UNKNOWN,2025-10-05 02:15:00,2025-10-05,WEAK_BOS,Long,66.0,66.0,break_high,67.4154,0.8804,5.9833,0.9007,2,6,0,-2.961,5.2131,True,False,0.0,TOP1_PER_DAY_PLUS_TOP25_SECOND_SIGNALS_DIVERSITY_GUARD
12116,UNKNOWN,2025-10-05 16:45:00,2025-10-05,LIQUIDITY_SWEEP,Long,88.9453,88.9453,sweep_low;reclaim,49.0226,-0.6277,1.8853,0.2109,16,6,1,1.0262,2.1596,False,False,0.6779,TOP1_PER_DAY_PLUS_TOP25_SECOND_SIGNALS_DIVERSITY_GUARD
12230,UNKNOWN,2025-10-06 21:15:00,2025-10-06,ENHANCED_BUY,Long,71.3177,71.3177,demand_zone;stoch_cross_up;volume_spike;above_vwap,39.7662,0.9323,2.1309,0.477,21,0,2,4.001,-0.1251,False,False,0.0,TOP1_PER_DAY_PLUS_TOP25_SECOND_SIGNALS_DIVERSITY_GUARD
12297,UNKNOWN,2025-10-07 14:00:00,2025-10-07,FVG_TOUCH,Short,79.0,79.0,bearish_fvg_touch,28.1049,-0.2772,5.0856,0.8322,14,1,0,5.7737,-1.2653,False,True,0.0,TOP1_PER_DAY_PLUS_TOP25_SECOND_SIGNALS_DIVERSITY_GUARD
12403,UNKNOWN,2025-10-08 16:30:00,2025-10-08,FVG_TOUCH,Long,66.3115,66.3115,bullish_fvg_touch,50.9434,0.2794,-0.81,0.183,16,2,1,1.2391,1.9939,False,False,0.6167,TOP1_PER_DAY_PLUS_TOP25_SECOND_SIGNALS_DIVERSITY_GUARD
12483,UNKNOWN,2025-10-09 12:30:00,2025-10-09,FVG_TOUCH,Long,70.1815,70.1815,bullish_fvg_touch,87.2614,0.296,2.5941,0.6085,12,3,2,-1.2064,7.4306,True,False,0.0,TOP1_PER_DAY_PLUS_TOP25_SECOND_SIGNALS_DIVERSITY_GUARD
12570,UNKNOWN,2025-10-10 10:15:00,2025-10-10,FVG_TOUCH,Short,70.3278,70.3278,bearish_fvg_touch,48.8972,-0.043,-0.6759,0.0538,10,4,0,1.9882,1.9782,False,False,0.4987,TOP1_PER_DAY_PLUS_TOP25_SECOND_SIGNALS_DIVERSITY_GUARD
12708,UNKNOWN,2025-10-11 20:45:00,2025-10-11,FVG_TOUCH,Short,65.038,65.038,bearish_fvg_touch,8.5541,-1.2226,0.1008,0.0873,20,5,1,4.6975,-0.155,False,False,0.0,TOP1_PER_DAY_PLUS_TOP25_SECOND_SIGNALS_DIVERSITY_GUARD
12787,UNKNOWN,2025-10-12 16:30:00,2025-10-12,FVG_TOUCH,Long,66.1242,66.1242,bullish_fvg_touch,70.9067,0.8244,0.9399,0.6471,16,6,3,0.1012,4.2832,False,False,0.9769,TOP1_PER_DAY_PLUS_TOP25_SECOND_SIGNALS_DIVERSITY_GUARD
12911,UNKNOWN,2025-10-13 23:30:00,2025-10-13,ENHANCED_BUY,Long,71.3649,71.3649,demand_zone;stoch_cross_up;volume_spike;above_vwap,32.8981,1.3233,-0.2457,0.5198,23,0,0,3.5992,1.1768,False,False,0.2464,TOP1_PER_DAY_PLUS_TOP25_SECOND_SIGNALS_DIVERSITY_GUARD
12926,UNKNOWN,2025-10-14 03:15:00,2025-10-14,FVG_TOUCH,Short,67.2979,67.2979,bearish_fvg_touch,2.9683,-1.1206,0.9895,0.4506,3,1,2,8.0867,0.188,False,False,0.0227,TOP1_PER_DAY_PLUS_TOP25_SECOND_SIGNALS_DIVERSITY_GUARD
13056,UNKNOWN,2025-10-15 11:45:00,2025-10-15,FVG_TOUCH,Short,65.6358,65.6358,bearish_fvg_touch,12.1662,-0.3133,-0.6885,0.8385,11,2,2,4.5724,0.6562,False,False,0.1255,TOP1_PER_DAY_PLUS_TOP25_SECOND_SIGNALS_DIVERSITY_GUARD
13143,UNKNOWN,2025-10-16 09:30:00,2025-10-16,LIQUIDITY_SWEEP,Long,92.0,92.0,sweep_low;reclaim,54.7463,-0.2655,7.2425,0.2809,9,3,1,1.1191,1.8559,False,False,0.6238,TOP1_PER_DAY_PLUS_TOP25_SECOND_SIGNALS_DIVERSITY_GUARD
13170,UNKNOWN,2025-10-16 16:15:00,2025-10-16,FVG_TOUCH,Short,66.9038,66.9038,bearish_fvg_touch,22.7727,-0.7154,2.3375,0.4681,16,3,2,4.9811,-0.0411,False,False,0.0,TOP1_PER_DAY_PLUS_TOP25_SECOND_SIGNALS_DIVERSITY_GUARD
13235,UNKNOWN,2025-10-17 08:30:00,2025-10-17,FVG_TOUCH,Short,65.4606,65.4606,bearish_fvg_touch,2.9429,-1.717,1.1666,0.13,8,4,2,7.3091,1.1221,False,False,0.1331,TOP1_PER_DAY_PLUS_TOP25_SECOND_SIGNALS_DIVERSITY_GUARD
13312,UNKNOWN,2025-10-18 03:45:00,2025-10-18,FVG_TOUCH,Long,65.78,65.78,bullish_fvg_touch,58.4894,0.4417,-0.5893,0.603,3,5,0,0.8945,3.0014,False,False,0.7704,TOP1_PER_DAY_PLUS_TOP25_SECOND_SIGNALS_DIVERSITY_GUARD
13425,UNKNOWN,2025-10-19 08:00:00,2025-10-19,TREND_PULLBACK,Short,60.5933,60.5933,ema20_pullback;trend_stack,32.8053,-0.3349,-0.1631,0.3981,8,6,2,3.7997,1.9501,False,False,0.3392,TOP1_PER_DAY_PLUS_TOP25_SECOND_SIGNALS_DIVERSITY_GUARD
13504,UNKNOWN,2025-10-20 03:45:00,2025-10-20,WEAK_BOS,Long,65.9075,65.9075,break_high,94.2733,0.3853,3.9384,0.7373,3,0,0,-1.8014,5.9794,True,False,0.0,TOP1_PER_DAY_PLUS_TOP25_SECOND_SIGNALS_DIVERSITY_GUARD
13666,UNKNOWN,2025-10-21 20:15:00,2025-10-21,ENHANCED_BUY,Long,71.8564,71.8564,demand_zone;stoch_cross_up;volume_spike;above_vwap,24.9993,1.5582,0.7443,0.56,20,1,0,6.0146,-0.6509,False,True,0.0,TOP1_PER_DAY_PLUS_TOP25_SECOND_SIGNALS_DIVERSITY_GUARD
13742,UNKNOWN,2025-10-22 15:15:00,2025-10-22,TREND_PULLBACK,Short,63.1801,63.1801,ema20_pullback;trend_stack,53.3958,-0.2304,0.5104,0.7699,15,2,0,1.9275,2.2027,False,False,0.5333,TOP1_PER_DAY_PLUS_TOP25_SECOND_SIGNALS_DIVERSITY_GUARD
13802,UNKNOWN,2025-10-23 06:15:00,2025-10-23,WEAK_BOS,Long,64.8823,64.8823,break_high,74.8666,1.1421,3.2549,0.7084,6,3,0,-2.5024,6.0626,True,False,0.0,TOP1_PER_DAY_PLUS_TOP25_SECOND_SIGNALS_DIVERSITY_GUARD
13875,UNKNOWN,2025-10-24 00:30:00,2025-10-24,FVG_TOUCH,Long,64.385,64.385,bullish_fvg_touch,73.2639,0.7472,-0.2648,0.5295,0,4,5,0.6435,4.4094,False,False,0.8727,TOP1_PER_DAY_PLUS_TOP25_SECOND_SIGNALS_DIVERSITY_GUARD
14061,UNKNOWN,2025-10-25 23:00:00,2025-10-25,FVG_TOUCH,Long,68.2501,68.2501,bullish_fvg_touch,50.5979,0.2973,-0.4009,0.2085,23,5,2,0.8646,3.208,False,False,0.7877,TOP1_PER_DAY_PLUS_TOP25_SECOND_SIGNALS_DIVERSITY_GUARD
14102,UNKNOWN,2025-10-26 09:15:00,2025-10-26,WEAK_BOS,Long,66.0,66.0,break_high,85.5398,0.7798,8.3885,0.8813,9,6,0,-5.395,8.9343,True,False,0.0,TOP1_PER_DAY_PLUS_TOP25_SECOND_SIGNALS_DIVERSITY_GUARD
14225,UNKNOWN,2025-10-27 16:00:00,2025-10-27,TREND_PULLBACK,Long,63.7185,63.7185,ema20_pullback;trend_stack,53.8704,0.068,0.1796,0.5824,16,0,3,0.7696,2.0796,False,False,0.7299,TOP1_PER_DAY_PLUS_TOP25_SECOND_SIGNALS_DIVERSITY_GUARD
14316,UNKNOWN,2025-10-28 14:45:00,2025-10-28,ORDERBLOCK_REACTION,Long,68.4595,68.4595,impulse_pullback_zone,57.378,0.6221,4.8282,0.2734,14,1,0,2.3536,2.1043,False,False,0.472,TOP1_PER_DAY_PLUS_TOP25_SECOND_SIGNALS_DIVERSITY_GUARD
14407,UNKNOWN,2025-10-29 13:30:00,2025-10-29,TREND_PULLBACK,Short,70.5314,70.5314,ema20_pullback;trend_stack,52.3213,-0.0126,1.0042,0.7469,13,2,1,2.2859,1.0808,False,False,0.321,TOP1_PER_DAY_PLUS_TOP25_SECOND_SIGNALS_DIVERSITY_GUARD
14487,UNKNOWN,2025-10-30 09:30:00,2025-10-30,FVG_TOUCH,Short,66.6895,66.6895,bearish_fvg_touch,50.1311,-0.3343,-0.4706,0.5352,9,3,0,3.7146,6.007,False,False,0.6179,TOP1_PER_DAY_PLUS_TOP25_SECOND_SIGNALS_DIVERSITY_GUARD
14625,UNKNOWN,2025-10-31 20:00:00,2025-10-31,TREND_PULLBACK,Long,60.9134,60.9134,ema20_pullback;trend_stack,51.2717,0.0292,-0.4781,0.1518,20,4,0,3.0459,2.3953,False,False,0.4402,TOP1_PER_DAY_PLUS_TOP25_SECOND_SIGNALS_DIVERSITY_GUARD
14646,UNKNOWN,2025-11-01 01:15:00,2025-11-01,FVG_TOUCH,Long,67.4973,67.4973,bullish_fvg_touch,66.9913,0.0641,-0.8888,0.7178,1,5,1,-0.3253,3.893,False,False,0.0,TOP1_PER_DAY_PLUS_TOP25_SECOND_SIGNALS_DIVERSITY_GUARD
14746,UNKNOWN,2025-11-02 02:15:00,2025-11-02,FVG_TOUCH,Short,63.5189,63.5189,bearish_fvg_touch,42.2499,-0.3314,-0.6672,0.1406,2,6,0,3.2102,1.261,False,False,0.282,TOP1_PER_DAY_PLUS_TOP25_SECOND_SIGNALS_DIVERSITY_GUARD
14845,UNKNOWN,2025-11-03 03:00:00,2025-11-03,FVG_TOUCH,Short,70.843,70.843,bearish_fvg_touch,16.4276,-0.8093,4.5341,0.8223,3,0,0,6.0026,-0.9909,False,True,0.0,TOP1_PER_DAY_PLUS_TOP25_SECOND_SIGNALS_DIVERSITY_GUARD
14952,UNKNOWN,2025-11-04 05:45:00,2025-11-04,WEAK_BOS,Short,63.6114,63.6114,break_low,17.3196,-0.7805,2.7595,0.8055,5,1,1,6.8547,-1.5787,False,True,0.0,TOP1_PER_DAY_PLUS_TOP25_SECOND_SIGNALS_DIVERSITY_GUARD
15060,UNKNOWN,2025-11-05 08:45:00,2025-11-05,TREND_PULLBACK,Short,61.6731,61.6731,ema20_pullback;trend_stack,45.806,-0.0242,-0.3117,0.2921,8,2,0,1.7934,1.3798,False,False,0.4348,TOP1_PER_DAY_PLUS_TOP25_SECOND_SIGNALS_DIVERSITY_GUARD
15187,UNKNOWN,2025-11-06 16:30:00,2025-11-06,WEAK_BOS,Short,64.2749,64.2749,break_low,24.9267,-0.6723,6.3431,0.7909,16,3,2,4.4213,-1.3791,False,True,0.0,TOP1_PER_DAY_PLUS_TOP25_SECOND_SIGNALS_DIVERSITY_GUARD
15288,UNKNOWN,2025-11-07 17:45:00,2025-11-07,FVG_TOUCH,Long,67.5777,67.5777,bullish_fvg_touch,72.1428,0.1464,0.2056,0.461,17,4,4,0.458,4.3333,False,False,0.9044,TOP1_PER_DAY_PLUS_TOP25_SECOND_SIGNALS_DIVERSITY_GUARD
15359,UNKNOWN,2025-11-08 11:30:00,2025-11-08,ORDERBLOCK_REACTION,Short,67.896,67.896,impulse_pullback_zone,42.0805,-0.3124,0.1889,0.8682,11,5,5,2.9688,0.5563,False,False,0.1578,TOP1_PER_DAY_PLUS_TOP25_SECOND_SIGNALS_DIVERSITY_GUARD
15486,UNKNOWN,2025-11-09 19:15:00,2025-11-09,FVG_TOUCH,Long,71.2695,71.2695,bullish_fvg_touch,66.7085,1.7405,0.8268,0.8178,19,6,4,-0.1527,5.0766,False,False,0.0,TOP1_PER_DAY_PLUS_TOP25_SECOND_SIGNALS_DIVERSITY_GUARD
15541,UNKNOWN,2025-11-10 09:00:00,2025-11-10,FVG_TOUCH,Short,62.6596,62.6596,bearish_fvg_touch,43.9268,2.2436,-0.4514,0.1195,9,0,3,2.7168,0.473,False,False,0.1483,TOP1_PER_DAY_PLUS_TOP25_SECOND_SIGNALS_DIVERSITY_GUARD
15606,UNKNOWN,2025-11-11 01:15:00,2025-11-11,WEAK_BOS,Long,63.4886,63.4886,break_high,72.4963,0.3253,5.7639,0.416,1,1,1,-1.2481,3.8463,True,False,0.0,TOP1_PER_DAY_PLUS_TOP25_SECOND_SIGNALS_DIVERSITY_GUARD
15733,UNKNOWN,2025-11-12 09:00:00,2025-11-12,WEAK_BOS,Long,65.5198,65.5198,break_high,77.3939,0.4483,3.6798,0.8292,9,2,0,-1.914,6.132,True,False,0.0,TOP1_PER_DAY_PLUS_TOP25_SECOND_SIGNALS_DIVERSITY_GUARD
15854,UNKNOWN,2025-11-13 15:15:00,2025-11-13,TREND_PULLBACK,Short,64.6147,64.6147,ema20_pullback;trend_stack,40.3091,-0.0976,0.9401,0.6926,15,3,0,2.1944,0.7719,False,False,0.2602,TOP1_PER_DAY_PLUS_TOP25_SECOND_SIGNALS_DIVERSITY_GUARD
15909,UNKNOWN,2025-11-14 05:00:00,2025-11-14,FVG_TOUCH,Short,73.0912,73.0912,bearish_fvg_touch,28.3587,-1.2257,0.0608,0.5528,5,4,1,4.4636,1.5399,False,False,0.2565,TOP1_PER_DAY_PLUS_TOP25_SECOND_SIGNALS_DIVERSITY_GUARD
16037,UNKNOWN,2025-11-15 13:00:00,2025-11-15,TREND_PULLBACK,Short,61.9878,61.9878,ema20_pullback;trend_stack,43.9899,-0.1714,-0.7855,0.3024,13,5,3,2.3052,1.499,False,False,0.394,TOP1_PER_DAY_PLUS_TOP25_SECOND_SIGNALS_DIVERSITY_GUARD
16144,UNKNOWN,2025-11-16 15:45:00,2025-11-16,WEAK_BOS,Short,65.8229,65.8229,break_low,20.8378,-0.5656,6.7188,0.7681,15,6,1,5.8662,-1.6372,False,True,0.0,TOP1_PER_DAY_PLUS_TOP25_SECOND_SIGNALS_DIVERSITY_GUARD
16236,UNKNOWN,2025-11-17 14:45:00,2025-11-17,TREND_PULLBACK,Short,70.1737,70.1737,ema20_pullback;trend_stack,37.8436,-0.271,1.9663,0.3353,14,0,1,2.1841,2.0758,False,False,0.4873,TOP1_PER_DAY_PLUS_TOP25_SECOND_SIGNALS_DIVERSITY_GUARD
16321,UNKNOWN,2025-11-18 12:00:00,2025-11-18,TREND_PULLBACK,Short,67.9717,67.9717,ema20_pullback;trend_stack,43.6206,-0.2826,-0.4202,0.8999,12,1,3,1.5575,5.5177,False,False,0.7799,TOP1_PER_DAY_PLUS_TOP25_SECOND_SIGNALS_DIVERSITY_GUARD
16331,UNKNOWN,2025-11-18 14:30:00,2025-11-18,LIQUIDITY_SWEEP,Short,89.227,89.227,sweep_high;reclaim,50.702,0.0604,4.8115,0.3077,14,1,0,1.0299,1.234,False,False,0.5451,TOP1_PER_DAY_PLUS_TOP25_SECOND_SIGNALS_DIVERSITY_GUARD
16430,UNKNOWN,2025-11-19 15:15:00,2025-11-19,TREND_PULLBACK,Short,73.7087,73.7087,ema20_pullback;trend_stack,47.5337,-0.2049,2.8659,0.6246,15,2,0,2.3919,0.4152,False,False,0.1479,TOP1_PER_DAY_PLUS_TOP25_SECOND_SIGNALS_DIVERSITY_GUARD
16529,UNKNOWN,2025-11-20 16:00:00,2025-11-20,WEAK_BOS,Short,65.3473,65.3473,break_low,22.889,-0.6418,6.0898,0.7678,16,3,0,5.2962,-1.5579,False,True,0.0,TOP1_PER_DAY_PLUS_TOP25_SECOND_SIGNALS_DIVERSITY_GUARD
16633,UNKNOWN,2025-11-21 18:00:00,2025-11-21,TREND_PULLBACK,Short,67.0125,67.0125,ema20_pullback;trend_stack,39.2581,-0.2175,0.6991,0.8571,18,4,0,2.0278,1.4064,False,False,0.4095,TOP1_PER_DAY_PLUS_TOP25_SECOND_SIGNALS_DIVERSITY_GUARD
16741,UNKNOWN,2025-11-22 21:00:00,2025-11-22,FVG_TOUCH,Short,63.1932,63.1932,bearish_fvg_touch,38.9684,0.4613,-0.9399,0.6066,21,5,2,3.1984,0.3951,False,False,0.11,TOP1_PER_DAY_PLUS_TOP25_SECOND_SIGNALS_DIVERSITY_GUARD
16759,UNKNOWN,2025-11-23 01:30:00,2025-11-23,WEAK_BOS,Long,58.4458,58.4458,break_high,76.9866,0.8547,2.5531,0.723,1,6,0,-0.7694,4.9942,True,False,0.0,TOP1_PER_DAY_PLUS_TOP25_SECOND_SIGNALS_DIVERSITY_GUARD
16907,UNKNOWN,2025-11-24 14:30:00,2025-11-24,REAL_CHOCH,Short,76.7175,76.7175,choch_sweep_high;choch_break_low;trend_align,40.2276,-0.7778,5.6467,0.2806,14,0,3,2.606,-0.31,False,True,0.0,TOP1_PER_DAY_PLUS_TOP25_SECOND_SIGNALS_DIVERSITY_GUARD
17001,UNKNOWN,2025-11-25 14:00:00,2025-11-25,FVG_TOUCH,Short,71.2569,71.2569,bearish_fvg_touch,42.5965,-0.5599,0.4301,0.157,14,1,2,2.5705,1.065,False,False,0.2929,TOP1_PER_DAY_PLUS_TOP25_SECOND_SIGNALS_DIVERSITY_GUARD
17004,UNKNOWN,2025-11-25 14:45:00,2025-11-25,LIQUIDITY_SWEEP,Long,87.9567,87.9567,sweep_low;reclaim,34.9087,-0.6027,4.199,0.1883,14,1,2,2.6946,0.5113,False,False,0.1595,TOP1_PER_DAY_PLUS_TOP25_SECOND_SIGNALS_DIVERSITY_GUARD
17107,UNKNOWN,2025-11-26 16:30:00,2025-11-26,FVG_TOUCH,Long,69.3031,69.3031,bullish_fvg_touch,69.7917,-0.062,1.6198,0.0845,16,2,1,0.5343,3.0343,False,False,0.8503,TOP1_PER_DAY_PLUS_TOP25_SECOND_SIGNALS_DIVERSITY_GUARD
17201,UNKNOWN,2025-11-27 16:00:00,2025-11-27,TREND_PULLBACK,Long,64.4571,64.4571,ema20_pullback;trend_stack,53.3663,0.1144,0.771,0.6259,16,3,1,1.2908,2.5244,False,False,0.6617,TOP1_PER_DAY_PLUS_TOP25_SECOND_SIGNALS_DIVERSITY_GUARD
17268,UNKNOWN,2025-11-28 08:45:00,2025-11-28,TREND_PULLBACK,Long,69.4227,69.4227,ema20_pullback;trend_stack,53.8346,0.0716,3.1988,0.8997,8,4,2,0.161,3.3148,False,False,0.9537,TOP1_PER_DAY_PLUS_TOP25_SECOND_SIGNALS_DIVERSITY_GUARD
17380,UNKNOWN,2025-11-29 12:45:00,2025-11-29,FVG_TOUCH,Short,63.8201,63.8201,bearish_fvg_touch,57.0834,-0.816,-0.5999,0.0915,12,5,1,1.5901,1.9174,False,False,0.5466,TOP1_PER_DAY_PLUS_TOP25_SECOND_SIGNALS_DIVERSITY_GUARD
17520,UNKNOWN,2025-11-30 23:45:00,2025-11-30,FVG_TOUCH,Short,72.0749,72.0749,bearish_fvg_touch,22.1238,-0.5765,3.1747,0.7017,23,6,0,5.1888,-0.5741,False,True,0.0,TOP1_PER_DAY_PLUS_TOP25_SECOND_SIGNALS_DIVERSITY_GUARD
17521,UNKNOWN,2025-12-01 00:00:00,2025-12-01,WEAK_BOS,Short,66.0,66.0,break_low,12.2062,-0.7374,8.8243,0.9013,0,0,0,7.8007,-4.0734,False,True,0.0,TOP1_PER_DAY_PLUS_TOP25_SECOND_SIGNALS_DIVERSITY_GUARD
17679,UNKNOWN,2025-12-02 15:30:00,2025-12-02,FVG_TOUCH,Long,75.5777,75.5777,bullish_fvg_touch,83.5936,1.5735,1.7185,0.3968,15,1,3,0.6933,6.7807,False,False,0.9072,TOP1_PER_DAY_PLUS_TOP25_SECOND_SIGNALS_DIVERSITY_GUARD
17771,UNKNOWN,2025-12-03 14:30:00,2025-12-03,ORDERBLOCK_REACTION,Long,69.0175,69.0175,impulse_pullback_zone,59.8183,0.4963,2.0759,0.6069,14,2,1,-0.2545,4.0448,True,False,0.0,TOP1_PER_DAY_PLUS_TOP25_SECOND_SIGNALS_DIVERSITY_GUARD
17819,UNKNOWN,2025-12-04 02:30:00,2025-12-04,FVG_TOUCH,Long,65.5569,65.5569,bullish_fvg_touch,51.9109,0.6074,-0.4847,0.1831,2,3,0,0.881,2.9853,False,False,0.7721,TOP1_PER_DAY_PLUS_TOP25_SECOND_SIGNALS_DIVERSITY_GUARD
17942,UNKNOWN,2025-12-05 09:15:00,2025-12-05,WEAK_BOS,Short,62.2443,62.2443,break_low,34.3372,-0.6414,1.4962,0.8861,9,4,0,5.2443,-2.0386,False,True,0.0,TOP1_PER_DAY_PLUS_TOP25_SECOND_SIGNALS_DIVERSITY_GUARD
18034,UNKNOWN,2025-12-06 08:15:00,2025-12-06,ORDERBLOCK_REACTION,Short,68.9481,68.9481,impulse_pullback_zone,32.9558,-0.4355,-0.2089,0.672,8,5,1,3.6309,-1.1756,False,True,0.0,TOP1_PER_DAY_PLUS_TOP25_SECOND_SIGNALS_DIVERSITY_GUARD
18184,UNKNOWN,2025-12-07 21:45:00,2025-12-07,ENHANCED_BUY,Long,74.4518,74.4518,demand_zone;stoch_cross_up;volume_spike;above_vwap,19.9212,1.8374,2.1577,0.427,21,6,3,5.0232,2.8259,False,False,0.36,TOP1_PER_DAY_PLUS_TOP25_SECOND_SIGNALS_DIVERSITY_GUARD
18237,UNKNOWN,2025-12-08 11:00:00,2025-12-08,FVG_TOUCH,Long,65.1903,65.1903,bullish_fvg_touch,70.2605,2.2974,-0.5869,0.0656,11,0,0,0.8205,4.4298,False,False,0.8437,TOP1_PER_DAY_PLUS_TOP25_SECOND_SIGNALS_DIVERSITY_GUARD
18309,UNKNOWN,2025-12-09 05:00:00,2025-12-09,FVG_TOUCH,Short,72.6726,72.6726,bearish_fvg_touch,41.752,-0.8423,-0.465,0.5154,5,1,1,4.1597,0.3122,False,False,0.0698,TOP1_PER_DAY_PLUS_TOP25_SECOND_SIGNALS_DIVERSITY_GUARD
18349,UNKNOWN,2025-12-09 15:00:00,2025-12-09,LIQUIDITY_SWEEP,Short,88.7664,88.7664,sweep_high;reclaim,57.0496,0.0336,4.0258,0.2457,15,1,0,0.7389,2.0482,False,False,0.7349,TOP1_PER_DAY_PLUS_TOP25_SECOND_SIGNALS_DIVERSITY_GUARD
18433,UNKNOWN,2025-12-10 12:00:00,2025-12-10,FVG_TOUCH,Short,66.0925,66.0925,bearish_fvg_touch,37.2603,-0.2358,-0.4153,0.3641,12,2,0,4.4189,1.0219,False,False,0.1878,TOP1_PER_DAY_PLUS_TOP25_SECOND_SIGNALS_DIVERSITY_GUARD
18566,UNKNOWN,2025-12-11 21:15:00,2025-12-11,WEAK_BOS,Long,62.3422,62.3422,break_high,78.0732,0.7675,3.6358,1.0,21,3,5,-1.1481,6.6367,True,False,0.0,TOP1_PER_DAY_PLUS_TOP25_SECOND_SIGNALS_DIVERSITY_GUARD
18638,UNKNOWN,2025-12-12 15:15:00,2025-12-12,WEAK_BOS,Short,66.0,66.0,break_low,23.1329,-0.0819,5.0463,0.9818,15,4,0,5.4572,-3.1405,False,True,0.0,TOP1_PER_DAY_PLUS_TOP25_SECOND_SIGNALS_DIVERSITY_GUARD
18726,UNKNOWN,2025-12-13 13:15:00,2025-12-13,ORDERBLOCK_REACTION,Short,65.5084,65.5084,impulse_pullback_zone,38.4485,-0.3527,-0.1962,0.4654,13,5,1,3.5741,-0.4707,False,False,0.0,TOP1_PER_DAY_PLUS_TOP25_SECOND_SIGNALS_DIVERSITY_GUARD
18802,UNKNOWN,2025-12-14 08:15:00,2025-12-14,TREND_PULLBACK,Short,67.6853,67.6853,ema20_pullback;trend_stack,48.7005,-0.2391,-0.3105,0.2237,8,6,0,1.8529,1.617,False,False,0.466,TOP1_PER_DAY_PLUS_TOP25_SECOND_SIGNALS_DIVERSITY_GUARD
18928,UNKNOWN,2025-12-15 15:45:00,2025-12-15,FVG_TOUCH,Short,67.5583,67.5583,bearish_fvg_touch,18.07,-0.8621,1.6926,0.2672,15,0,0,5.589,0.8446,False,False,0.1313,TOP1_PER_DAY_PLUS_TOP25_SECOND_SIGNALS_DIVERSITY_GUARD
19005,UNKNOWN,2025-12-16 11:00:00,2025-12-16,FVG_TOUCH,Long,71.3781,71.3781,bullish_fvg_touch,82.3078,0.2225,-0.3698,0.039,11,1,2,1.2658,4.0115,False,False,0.7601,TOP1_PER_DAY_PLUS_TOP25_SECOND_SIGNALS_DIVERSITY_GUARD
19116,UNKNOWN,2025-12-17 14:45:00,2025-12-17,ORDERBLOCK_REACTION,Long,75.0,75.0,impulse_pullback_zone,83.9229,0.4785,8.4448,0.8488,14,2,2,-3.6149,7.0753,True,False,0.0,TOP1_PER_DAY_PLUS_TOP25_SECOND_SIGNALS_DIVERSITY_GUARD
19193,UNKNOWN,2025-12-18 10:00:00,2025-12-18,FVG_TOUCH,Long,70.2563,70.2563,bullish_fvg_touch,73.9286,0.9499,-0.4002,0.2811,10,3,3,0.2611,4.6102,False,False,0.9464,TOP1_PER_DAY_PLUS_TOP25_SECOND_SIGNALS_DIVERSITY_GUARD
19307,UNKNOWN,2025-12-19 14:30:00,2025-12-19,REAL_CHOCH,Long,79.3929,79.3929,choch_sweep_low;choch_break_high;trend_align,55.3263,1.3639,2.91,0.4322,14,4,6,-0.4118,2.0885,True,False,0.0,TOP1_PER_DAY_PLUS_TOP25_SECOND_SIGNALS_DIVERSITY_GUARD
19437,UNKNOWN,2025-12-20 23:00:00,2025-12-20,FVG_TOUCH,Long,65.5599,65.5599,bullish_fvg_touch,61.1582,0.3233,-0.2953,0.6462,23,5,0,1.7011,2.3821,False,False,0.5834,TOP1_PER_DAY_PLUS_TOP25_SECOND_SIGNALS_DIVERSITY_GUARD
19529,UNKNOWN,2025-12-21 22:00:00,2025-12-21,TREND_PULLBACK,Long,66.4939,66.4939,ema20_pullback;trend_stack,54.4899,0.0097,-0.4606,0.8074,22,6,2,1.5971,2.7197,False,False,0.63,TOP1_PER_DAY_PLUS_TOP25_SECOND_SIGNALS_DIVERSITY_GUARD
19537,UNKNOWN,2025-12-22 00:00:00,2025-12-22,WEAK_BOS,Long,66.0,66.0,break_high,82.5023,0.5128,4.1656,0.9999,0,0,4,-2.9188,6.1738,True,False,0.0,TOP1_PER_DAY_PLUS_TOP25_SECOND_SIGNALS_DIVERSITY_GUARD
19538,UNKNOWN,2025-12-22 00:15:00,2025-12-22,LIQUIDITY_SWEEP,Short,88.204,88.204,sweep_high;reclaim,67.1732,0.4972,3.9428,0.5546,0,0,2,1.6807,3.2623,False,False,0.66,TOP1_PER_DAY_PLUS_TOP25_SECOND_SIGNALS_DIVERSITY_GUARD
19716,UNKNOWN,2025-12-23 20:45:00,2025-12-23,TREND_PULLBACK,Short,69.7771,69.7771,ema20_pullback;trend_stack,49.6953,-0.0008,0.517,0.7241,20,1,0,1.5847,1.4635,False,False,0.4801,TOP1_PER_DAY_PLUS_TOP25_SECOND_SIGNALS_DIVERSITY_GUARD
19787,UNKNOWN,2025-12-24 14:30:00,2025-12-24,ORDERBLOCK_REACTION,Short,68.3657,68.3657,impulse_pullback_zone,38.5304,-0.0706,4.5986,0.2752,14,2,2,2.3507,1.3091,False,False,0.3577,TOP1_PER_DAY_PLUS_TOP25_SECOND_SIGNALS_DIVERSITY_GUARD
19886,UNKNOWN,2025-12-25 15:15:00,2025-12-25,WEAK_BOS,Long,65.9713,65.9713,break_high,75.4815,0.1912,3.9808,0.5838,15,3,0,-1.7154,5.4803,True,False,0.0,TOP1_PER_DAY_PLUS_TOP25_SECOND_SIGNALS_DIVERSITY_GUARD
19981,UNKNOWN,2025-12-26 15:00:00,2025-12-26,WEAK_BOS,Short,66.0,66.0,break_low,19.9672,-0.2462,4.4005,0.9815,15,4,1,7.8155,-1.9265,False,True,0.0,TOP1_PER_DAY_PLUS_TOP25_SECOND_SIGNALS_DIVERSITY_GUARD
20081,UNKNOWN,2025-12-27 16:00:00,2025-12-27,TREND_PULLBACK,Short,66.3644,66.3644,ema20_pullback;trend_stack,49.02,-0.1141,-0.3966,0.6962,16,5,0,1.4078,2.4355,False,False,0.6337,TOP1_PER_DAY_PLUS_TOP25_SECOND_SIGNALS_DIVERSITY_GUARD
20106,UNKNOWN,2025-12-27 22:15:00,2025-12-27,LIQUIDITY_SWEEP,Short,88.5424,88.5424,sweep_high;reclaim,64.2188,0.5545,4.3352,0.6129,22,5,3,3.0017,2.8268,False,False,0.485,TOP1_PER_DAY_PLUS_TOP25_SECOND_SIGNALS_DIVERSITY_GUARD
20147,UNKNOWN,2025-12-28 08:30:00,2025-12-28,FVG_TOUCH,Long,69.214,69.214,bullish_fvg_touch,62.0615,0.4763,1.5613,0.2601,8,6,2,-0.0343,3.2804,False,False,0.0,TOP1_PER_DAY_PLUS_TOP25_SECOND_SIGNALS_DIVERSITY_GUARD
20186,UNKNOWN,2025-12-28 18:15:00,2025-12-28,LIQUIDITY_SWEEP,Long,91.8101,91.8101,sweep_low;reclaim,37.3228,0.0692,5.9404,0.1659,18,6,2,3.6976,1.1139,False,False,0.2315,TOP1_PER_DAY_PLUS_TOP25_SECOND_SIGNALS_DIVERSITY_GUARD
20249,UNKNOWN,2025-12-29 10:00:00,2025-12-29,FVG_TOUCH,Short,70.4337,70.4337,bearish_fvg_touch,10.6042,0.5623,1.6224,0.0813,10,0,2,7.243,1.0536,False,False,0.127,TOP1_PER_DAY_PLUS_TOP25_SECOND_SIGNALS_DIVERSITY_GUARD
20364,UNKNOWN,2025-12-30 14:45:00,2025-12-30,WEAK_BOS,Long,66.0,66.0,break_high,79.7046,0.8948,6.749,0.7836,14,1,1,-1.7626,4.3619,True,False,0.0,TOP1_PER_DAY_PLUS_TOP25_SECOND_SIGNALS_DIVERSITY_GUARD
20482,UNKNOWN,2025-12-31 20:15:00,2025-12-31,FVG_TOUCH,Short,65.9992,65.9992,bearish_fvg_touch,43.2731,-1.6866,-0.3019,0.4048,20,2,2,3.8386,0.6271,False,False,0.1404,TOP1_PER_DAY_PLUS_TOP25_SECOND_SIGNALS_DIVERSITY_GUARD
20587,UNKNOWN,2026-01-01 22:30:00,2026-01-01,FVG_TOUCH,Long,67.8333,67.8333,bullish_fvg_touch,75.1718,1.3977,0.2371,0.3369,22,3,1,0.3968,4.2863,False,False,0.9153,TOP1_PER_DAY_PLUS_TOP25_SECOND_SIGNALS_DIVERSITY_GUARD
20651,UNKNOWN,2026-01-02 14:30:00,2026-01-02,LIQUIDITY_SWEEP,Long,90.8987,90.8987,sweep_low;reclaim,46.5082,0.7587,5.7686,0.4644,14,4,1,2.0667,2.5716,False,False,0.5544,TOP1_PER_DAY_PLUS_TOP25_SECOND_SIGNALS_DIVERSITY_GUARD
20660,UNKNOWN,2026-01-02 16:45:00,2026-01-02,FVG_TOUCH,Long,67.921,67.921,bullish_fvg_touch,61.2069,0.4832,1.2453,0.4369,16,4,1,0.9083,3.2078,False,False,0.7793,TOP1_PER_DAY_PLUS_TOP25_SECOND_SIGNALS_DIVERSITY_GUARD
20764,UNKNOWN,2026-01-03 18:45:00,2026-01-03,FVG_TOUCH,Long,64.9678,64.9678,bullish_fvg_touch,56.2808,0.7698,-0.9353,0.0331,18,5,0,0.9777,2.4691,False,False,0.7163,TOP1_PER_DAY_PLUS_TOP25_SECOND_SIGNALS_DIVERSITY_GUARD
20787,UNKNOWN,2026-01-04 00:30:00,2026-01-04,FVG_TOUCH,Long,73.553,73.553,bullish_fvg_touch,72.2443,1.2897,0.3686,0.3377,0,6,0,2.0433,5.0792,False,False,0.7131,TOP1_PER_DAY_PLUS_TOP25_SECOND_SIGNALS_DIVERSITY_GUARD
20939,UNKNOWN,2026-01-05 14:30:00,2026-01-05,REAL_CHOCH,Long,77.5214,77.5214,choch_sweep_low;choch_break_high;trend_align,61.23,0.8368,3.5163,0.5498,14,0,0,-0.2575,3.0081,False,False,0.0,TOP1_PER_DAY_PLUS_TOP25_SECOND_SIGNALS_DIVERSITY_GUARD
21045,UNKNOWN,2026-01-06 17:00:00,2026-01-06,FVG_TOUCH,Short,65.1628,65.1628,bearish_fvg_touch,35.3443,-0.3664,0.5553,0.3224,17,1,0,4.0422,0.6417,False,False,0.137,TOP1_PER_DAY_PLUS_TOP25_SECOND_SIGNALS_DIVERSITY_GUARD
21089,UNKNOWN,2026-01-07 04:00:00,2026-01-07,FVG_TOUCH,Short,64.42,64.42,bearish_fvg_touch,38.556,-0.3475,-0.5663,0.0721,4,2,0,3.7241,2.1389,False,False,0.3648,TOP1_PER_DAY_PLUS_TOP25_SECOND_SIGNALS_DIVERSITY_GUARD
21257,UNKNOWN,2026-01-08 22:00:00,2026-01-08,FVG_TOUCH,Long,64.255,64.255,bullish_fvg_touch,61.2817,0.8081,-0.2575,0.4809,22,3,0,0.1398,3.3958,False,False,0.9605,TOP1_PER_DAY_PLUS_TOP25_SECOND_SIGNALS_DIVERSITY_GUARD
21298,UNKNOWN,2026-01-09 08:15:00,2026-01-09,FVG_TOUCH,Short,66.0839,66.0839,bearish_fvg_touch,32.3976,-0.1554,-0.3313,0.021,8,4,1,3.9009,1.4957,False,False,0.2772,TOP1_PER_DAY_PLUS_TOP25_SECOND_SIGNALS_DIVERSITY_GUARD
21371,UNKNOWN,2026-01-10 02:30:00,2026-01-10,TREND_PULLBACK,Short,68.9404,68.9404,ema20_pullback;trend_stack,43.1342,-0.2473,-0.5391,0.9158,2,5,0,1.9022,2.7908,False,False,0.5947,TOP1_PER_DAY_PLUS_TOP25_SECOND_SIGNALS_DIVERSITY_GUARD
21520,UNKNOWN,2026-01-11 15:45:00,2026-01-11,ORDERBLOCK_REACTION,Long,63.6923,63.6923,impulse_pullback_zone,50.3987,0.5673,2.7432,0.1869,15,6,1,2.2312,1.33,False,False,0.3735,TOP1_PER_DAY_PLUS_TOP25_SECOND_SIGNALS_DIVERSITY_GUARD
21556,UNKNOWN,2026-01-12 00:45:00,2026-01-12,ORDERBLOCK_REACTION,Long,68.4871,68.4871,impulse_pullback_zone,64.2951,0.1213,2.3146,0.7554,0,0,0,-0.1477,3.7873,False,False,0.0,TOP1_PER_DAY_PLUS_TOP25_SECOND_SIGNALS_DIVERSITY_GUARD
21737,UNKNOWN,2026-01-13 22:00:00,2026-01-13,WEAK_BOS,Long,66.0,66.0,break_high,84.7741,1.6368,6.5798,0.5435,22,1,0,-2.4489,5.6354,True,False,0.0,TOP1_PER_DAY_PLUS_TOP25_SECOND_SIGNALS_DIVERSITY_GUARD
21803,UNKNOWN,2026-01-14 14:30:00,2026-01-14,FVG_TOUCH,Long,74.6187,74.6187,bullish_fvg_touch,74.3295,0.6569,1.7718,0.3298,14,2,0,-0.1413,4.4959,False,False,0.0,TOP1_PER_DAY_PLUS_TOP25_SECOND_SIGNALS_DIVERSITY_GUARD
21934,UNKNOWN,2026-01-15 23:15:00,2026-01-15,FVG_TOUCH,Short,63.1972,63.1972,bearish_fvg_touch,52.3912,-1.4015,-0.3908,0.1774,23,3,0,3.1606,1.9487,False,False,0.3814,TOP1_PER_DAY_PLUS_TOP25_SECOND_SIGNALS_DIVERSITY_GUARD
21995,UNKNOWN,2026-01-16 14:30:00,2026-01-16,REAL_CHOCH,Short,71.7968,71.7968,choch_sweep_high;choch_break_low;trend_align,46.6766,-0.4019,1.1531,0.8425,14,4,1,2.7784,-0.2156,False,False,0.0,TOP1_PER_DAY_PLUS_TOP25_SECOND_SIGNALS_DIVERSITY_GUARD
22121,UNKNOWN,2026-01-17 22:00:00,2026-01-17,FVG_TOUCH,Short,68.0373,68.0373,bearish_fvg_touch,27.0631,-0.1685,1.2773,0.8162,22,5,0,4.8963,-1.8426,False,True,0.0,TOP1_PER_DAY_PLUS_TOP25_SECOND_SIGNALS_DIVERSITY_GUARD
22169,UNKNOWN,2026-01-18 10:00:00,2026-01-18,TREND_PULLBACK,Short,70.0946,70.0946,ema20_pullback;trend_stack,45.9813,-0.1198,0.57,0.6169,10,6,0,1.9379,1.565,False,False,0.4468,TOP1_PER_DAY_PLUS_TOP25_SECOND_SIGNALS_DIVERSITY_GUARD
22309,UNKNOWN,2026-01-19 21:00:00,2026-01-19,TREND_PULLBACK,Short,69.0332,69.0332,ema20_pullback;trend_stack,45.1454,-0.0166,-0.1284,0.1432,21,0,1,2.3321,1.31,False,False,0.3597,TOP1_PER_DAY_PLUS_TOP25_SECOND_SIGNALS_DIVERSITY_GUARD
22343,UNKNOWN,2026-01-20 05:30:00,2026-01-20,FVG_TOUCH,Short,69.8847,69.8847,bearish_fvg_touch,27.915,-1.2666,1.2097,0.319,5,1,1,4.7064,1.4101,False,False,0.2305,TOP1_PER_DAY_PLUS_TOP25_SECOND_SIGNALS_DIVERSITY_GUARD
22449,UNKNOWN,2026-01-21 08:00:00,2026-01-21,FVG_TOUCH,Short,71.0367,71.0367,bearish_fvg_touch,37.8383,-0.3711,-0.203,0.3213,8,2,1,4.4492,0.5269,False,False,0.1059,TOP1_PER_DAY_PLUS_TOP25_SECOND_SIGNALS_DIVERSITY_GUARD
22595,UNKNOWN,2026-01-22 20:30:00,2026-01-22,TREND_PULLBACK,Short,63.7443,63.7443,ema20_pullback;trend_stack,56.5799,-0.1947,-0.4745,0.2414,20,3,0,1.405,3.1982,False,False,0.6948,TOP1_PER_DAY_PLUS_TOP25_SECOND_SIGNALS_DIVERSITY_GUARD
22669,UNKNOWN,2026-01-23 15:00:00,2026-01-23,FVG_TOUCH,Short,71.6894,71.6894,bearish_fvg_touch,38.5238,-0.4624,0.8711,0.4464,15,4,2,3.4343,0.7281,False,False,0.1749,TOP1_PER_DAY_PLUS_TOP25_SECOND_SIGNALS_DIVERSITY_GUARD
22755,UNKNOWN,2026-01-24 12:30:00,2026-01-24,FVG_TOUCH,Short,65.8926,65.8926,bearish_fvg_touch,33.0971,-0.7966,-0.46,0.2029,12,5,0,3.6896,0.0817,False,False,0.0217,TOP1_PER_DAY_PLUS_TOP25_SECOND_SIGNALS_DIVERSITY_GUARD
22867,UNKNOWN,2026-01-25 16:30:00,2026-01-25,FVG_TOUCH,Short,71.5925,71.5925,bearish_fvg_touch,25.6166,-0.7449,1.737,0.2576,16,6,1,4.2744,1.5777,False,False,0.2696,TOP1_PER_DAY_PLUS_TOP25_SECOND_SIGNALS_DIVERSITY_GUARD
22955,UNKNOWN,2026-01-26 14:30:00,2026-01-26,REAL_CHOCH,Long,78.0028,78.0028,choch_sweep_low;choch_break_high;trend_align,56.0014,0.3523,3.2554,0.4197,14,0,4,-0.4025,2.3756,True,False,0.0,TOP1_PER_DAY_PLUS_TOP25_SECOND_SIGNALS_DIVERSITY_GUARD
23051,UNKNOWN,2026-01-27 14:30:00,2026-01-27,ORDERBLOCK_REACTION,Short,71.1532,71.1532,impulse_pullback_zone,44.2859,-0.4864,1.962,0.8621,14,1,6,3.853,-0.3446,False,False,0.0,TOP1_PER_DAY_PLUS_TOP25_SECOND_SIGNALS_DIVERSITY_GUARD
23127,UNKNOWN,2026-01-28 09:30:00,2026-01-28,ORDERBLOCK_REACTION,Long,66.0806,66.0806,impulse_pullback_zone,53.4702,0.4762,0.5147,0.7036,9,2,2,0.3891,2.7853,False,False,0.8774,TOP1_PER_DAY_PLUS_TOP25_SECOND_SIGNALS_DIVERSITY_GUARD
23192,UNKNOWN,2026-01-29 01:45:00,2026-01-29,FVG_TOUCH,Short,67.4672,67.4672,bearish_fvg_touch,24.3203,-0.8251,0.4217,0.6639,1,3,2,4.1799,0.0198,False,False,0.0047,TOP1_PER_DAY_PLUS_TOP25_SECOND_SIGNALS_DIVERSITY_GUARD
23342,UNKNOWN,2026-01-30 15:15:00,2026-01-30,TREND_PULLBACK,Short,69.7108,69.7108,ema20_pullback;trend_stack,42.1126,-0.2675,0.3373,0.7104,15,4,0,2.4936,0.7954,False,False,0.2418,TOP1_PER_DAY_PLUS_TOP25_SECOND_SIGNALS_DIVERSITY_GUARD
23409,UNKNOWN,2026-01-31 08:00:00,2026-01-31,FVG_TOUCH,Short,68.7209,68.7209,bearish_fvg_touch,19.6595,-0.178,1.2551,0.4171,8,5,0,5.0278,-0.3132,False,False,0.0,TOP1_PER_DAY_PLUS_TOP25_SECOND_SIGNALS_DIVERSITY_GUARD
23554,UNKNOWN,2026-02-01 20:15:00,2026-02-01,FVG_TOUCH,Short,67.4493,67.4493,bearish_fvg_touch,35.3689,-0.9223,0.9678,0.5948,20,6,4,4.2294,-0.2321,False,True,0.0,TOP1_PER_DAY_PLUS_TOP25_SECOND_SIGNALS_DIVERSITY_GUARD
23573,UNKNOWN,2026-02-02 01:00:00,2026-02-02,TREND_PULLBACK,Short,66.0031,66.0031,ema20_pullback;trend_stack,49.7312,-0.3289,0.5419,0.7449,1,0,0,1.6681,1.4345,False,False,0.4623,TOP1_PER_DAY_PLUS_TOP25_SECOND_SIGNALS_DIVERSITY_GUARD
23690,UNKNOWN,2026-02-03 06:15:00,2026-02-03,TREND_PULLBACK,Long,68.2168,68.2168,ema20_pullback;trend_stack,62.091,0.088,0.0296,0.7965,6,1,1,1.2761,2.6076,False,False,0.6714,TOP1_PER_DAY_PLUS_TOP25_SECOND_SIGNALS_DIVERSITY_GUARD
23849,UNKNOWN,2026-02-04 22:00:00,2026-02-04,FVG_TOUCH,Short,67.5402,67.5402,bearish_fvg_touch,29.5118,-1.4519,1.1896,0.4637,22,2,0,3.224,0.3615,False,False,0.1008,TOP1_PER_DAY_PLUS_TOP25_SECOND_SIGNALS_DIVERSITY_GUARD
23920,UNKNOWN,2026-02-05 15:45:00,2026-02-05,FVG_TOUCH,Short,66.8841,66.8841,bearish_fvg_touch,32.7817,-1.2788,1.7392,0.0172,15,3,2,4.3653,0.8806,False,False,0.1679,TOP1_PER_DAY_PLUS_TOP25_SECOND_SIGNALS_DIVERSITY_GUARD
24007,UNKNOWN,2026-02-06 13:30:00,2026-02-06,FVG_TOUCH,Long,66.2332,66.2332,bullish_fvg_touch,79.2154,1.0733,-0.6474,0.4903,13,4,1,0.6886,6.7518,False,False,0.9074,TOP1_PER_DAY_PLUS_TOP25_SECOND_SIGNALS_DIVERSITY_GUARD
24089,UNKNOWN,2026-02-07 10:00:00,2026-02-07,FVG_TOUCH,Short,65.9952,65.9952,bearish_fvg_touch,27.4362,-0.7478,-0.7607,0.4206,10,5,0,4.8693,1.0212,False,False,0.1734,TOP1_PER_DAY_PLUS_TOP25_SECOND_SIGNALS_DIVERSITY_GUARD
24240,UNKNOWN,2026-02-08 23:45:00,2026-02-08,FVG_TOUCH,Short,67.4942,67.4942,bearish_fvg_touch,35.9374,0.1519,1.133,0.2435,23,6,0,4.3174,0.8043,False,False,0.157,TOP1_PER_DAY_PLUS_TOP25_SECOND_SIGNALS_DIVERSITY_GUARD
24285,UNKNOWN,2026-02-09 11:00:00,2026-02-09,FVG_TOUCH,Short,65.4343,65.4343,bearish_fvg_touch,12.8255,-1.2567,0.5357,0.2888,11,0,0,5.9662,0.502,False,False,0.0776,TOP1_PER_DAY_PLUS_TOP25_SECOND_SIGNALS_DIVERSITY_GUARD
24361,UNKNOWN,2026-02-10 06:00:00,2026-02-10,FVG_TOUCH,Short,63.0275,63.0275,bearish_fvg_touch,33.3193,-0.626,-0.538,0.5892,6,1,1,3.9197,0.4799,False,False,0.1091,TOP1_PER_DAY_PLUS_TOP25_SECOND_SIGNALS_DIVERSITY_GUARD
24491,UNKNOWN,2026-02-11 14:30:00,2026-02-11,TREND_PULLBACK,Short,75.3522,75.3522,ema20_pullback;trend_stack,57.3807,-0.3496,3.7687,0.5872,14,2,2,3.0403,1.6066,False,False,0.3457,TOP1_PER_DAY_PLUS_TOP25_SECOND_SIGNALS_DIVERSITY_GUARD
24570,UNKNOWN,2026-02-12 10:15:00,2026-02-12,FVG_TOUCH,Long,63.191,63.191,bullish_fvg_touch,65.2204,0.018,-0.638,0.1855,10,3,1,0.5238,4.1417,False,False,0.8877,TOP1_PER_DAY_PLUS_TOP25_SECOND_SIGNALS_DIVERSITY_GUARD
24655,UNKNOWN,2026-02-13 07:30:00,2026-02-13,TREND_PULLBACK,Short,65.1934,65.1934,ema20_pullback;trend_stack,38.8542,-0.1469,-0.3862,0.9997,7,4,1,3.0713,0.5824,False,False,0.1594,TOP1_PER_DAY_PLUS_TOP25_SECOND_SIGNALS_DIVERSITY_GUARD
24774,UNKNOWN,2026-02-14 13:15:00,2026-02-14,FVG_TOUCH,Short,65.6181,65.6181,bearish_fvg_touch,40.6875,1.1728,1.0448,0.7664,13,5,4,4.3407,-0.4535,False,True,0.0,TOP1_PER_DAY_PLUS_TOP25_SECOND_SIGNALS_DIVERSITY_GUARD
24870,UNKNOWN,2026-02-15 13:15:00,2026-02-15,FVG_TOUCH,Short,77.1706,77.1706,bearish_fvg_touch,20.8631,-0.1351,2.7804,0.7379,13,6,0,6.2292,-0.8269,False,True,0.0,TOP1_PER_DAY_PLUS_TOP25_SECOND_SIGNALS_DIVERSITY_GUARD
24962,UNKNOWN,2026-02-16 12:15:00,2026-02-16,FVG_TOUCH,Long,69.0121,69.0121,bullish_fvg_touch,69.0185,0.2015,2.7136,0.7318,12,0,6,-1.6762,4.4726,True,False,0.0,TOP1_PER_DAY_PLUS_TOP25_SECOND_SIGNALS_DIVERSITY_GUARD
25069,UNKNOWN,2026-02-17 15:00:00,2026-02-17,FVG_TOUCH,Short,76.0682,76.0682,bearish_fvg_touch,30.9266,-0.7721,2.0455,0.1591,15,1,1,4.237,0.285,False,False,0.063,TOP1_PER_DAY_PLUS_TOP25_SECOND_SIGNALS_DIVERSITY_GUARD
25164,UNKNOWN,2026-02-18 14:45:00,2026-02-18,LIQUIDITY_SWEEP,Long,88.6989,88.6989,sweep_low;reclaim,41.8083,-0.5944,3.4549,0.1077,14,2,2,4.1152,0.9061,False,False,0.1804,TOP1_PER_DAY_PLUS_TOP25_SECOND_SIGNALS_DIVERSITY_GUARD
25169,UNKNOWN,2026-02-18 16:00:00,2026-02-18,TREND_PULLBACK,Short,69.4394,69.4394,ema20_pullback;trend_stack,41.7812,-0.3017,3.7034,0.8427,16,2,1,3.3908,0.9703,False,False,0.2225,TOP1_PER_DAY_PLUS_TOP25_SECOND_SIGNALS_DIVERSITY_GUARD
25222,UNKNOWN,2026-02-19 05:15:00,2026-02-19,TREND_PULLBACK,Short,64.4798,64.4798,ema20_pullback;trend_stack,44.9975,-0.1165,-0.6177,0.1647,5,3,0,1.9908,2.4737,False,False,0.5541,TOP1_PER_DAY_PLUS_TOP25_SECOND_SIGNALS_DIVERSITY_GUARD
25319,UNKNOWN,2026-02-20 05:30:00,2026-02-20,WEAK_BOS,Long,63.8999,63.8999,break_high,71.0549,1.1447,2.6,0.8971,5,4,0,-2.3433,4.5617,True,False,0.0,TOP1_PER_DAY_PLUS_TOP25_SECOND_SIGNALS_DIVERSITY_GUARD
25446,UNKNOWN,2026-02-21 13:15:00,2026-02-21,FVG_TOUCH,Long,68.8266,68.8266,bullish_fvg_touch,55.1751,1.0239,-0.4397,0.5068,13,5,0,0.67,3.0564,False,False,0.8202,TOP1_PER_DAY_PLUS_TOP25_SECOND_SIGNALS_DIVERSITY_GUARD
25543,UNKNOWN,2026-02-22 13:30:00,2026-02-22,WEAK_BOS,Short,66.0,66.0,break_low,32.3424,-0.3319,4.8748,0.7175,13,6,0,4.5415,-1.6949,False,True,0.0,TOP1_PER_DAY_PLUS_TOP25_SECOND_SIGNALS_DIVERSITY_GUARD
25594,UNKNOWN,2026-02-23 02:15:00,2026-02-23,FVG_TOUCH,Short,66.7447,66.7447,bearish_fvg_touch,15.5131,-1.6496,0.4213,0.023,2,0,0,6.9665,1.116,False,False,0.1381,TOP1_PER_DAY_PLUS_TOP25_SECOND_SIGNALS_DIVERSITY_GUARD
25687,UNKNOWN,2026-02-24 01:30:00,2026-02-24,FVG_TOUCH,Short,70.6795,70.6795,bearish_fvg_touch,32.6924,-0.8714,0.4348,0.1781,1,1,1,2.0794,2.8601,False,False,0.579,TOP1_PER_DAY_PLUS_TOP25_SECOND_SIGNALS_DIVERSITY_GUARD
25781,UNKNOWN,2026-02-25 01:00:00,2026-02-25,FVG_TOUCH,Long,70.7009,70.7009,bullish_fvg_touch,81.2947,0.6482,4.6571,0.7614,1,2,0,-3.4068,6.1087,True,False,0.0,TOP1_PER_DAY_PLUS_TOP25_SECOND_SIGNALS_DIVERSITY_GUARD
25911,UNKNOWN,2026-02-26 09:30:00,2026-02-26,FVG_TOUCH,Long,64.1349,64.1349,bullish_fvg_touch,48.434,0.2046,-0.3158,0.6353,9,3,0,2.0734,2.6447,False,False,0.5605,TOP1_PER_DAY_PLUS_TOP25_SECOND_SIGNALS_DIVERSITY_GUARD
26017,UNKNOWN,2026-02-27 12:00:00,2026-02-27,FVG_TOUCH,Short,67.0313,67.0313,bearish_fvg_touch,13.6102,-0.9985,0.4535,0.3866,12,4,3,6.4591,0.113,False,False,0.0172,TOP1_PER_DAY_PLUS_TOP25_SECOND_SIGNALS_DIVERSITY_GUARD
26145,UNKNOWN,2026-02-28 20:00:00,2026-02-28,FVG_TOUCH,Long,70.0625,70.0625,bullish_fvg_touch,73.0226,1.0777,-0.0057,0.4697,20,5,1,0.2818,5.8263,False,False,0.9539,TOP1_PER_DAY_PLUS_TOP25_SECOND_SIGNALS_DIVERSITY_GUARD
26193,UNKNOWN,2026-03-01 08:00:00,2026-03-01,FVG_TOUCH,Long,63.2184,63.2184,bullish_fvg_touch,44.6366,1.2907,-0.4144,0.3268,8,6,0,2.334,2.0355,False,False,0.4658,TOP1_PER_DAY_PLUS_TOP25_SECOND_SIGNALS_DIVERSITY_GUARD
26317,UNKNOWN,2026-03-02 15:00:00,2026-03-02,WEAK_BOS,Long,66.0,66.0,break_high,76.9169,0.1466,5.9546,0.828,15,0,0,-2.6546,6.936,True,False,0.0,TOP1_PER_DAY_PLUS_TOP25_SECOND_SIGNALS_DIVERSITY_GUARD
26387,UNKNOWN,2026-03-03 08:30:00,2026-03-03,WEAK_BOS,Short,59.1042,59.1042,break_low,20.8899,-0.642,0.9473,0.9082,8,1,0,4.504,-1.2805,False,True,0.0,TOP1_PER_DAY_PLUS_TOP25_SECOND_SIGNALS_DIVERSITY_GUARD
26502,UNKNOWN,2026-03-04 13:15:00,2026-03-04,FVG_TOUCH,Long,66.9803,66.9803,bullish_fvg_touch,46.3435,2.7092,-0.4538,0.2753,13,2,2,1.6094,6.3922,False,False,0.7989,TOP1_PER_DAY_PLUS_TOP25_SECOND_SIGNALS_DIVERSITY_GUARD
26605,UNKNOWN,2026-03-05 15:00:00,2026-03-05,ORDERBLOCK_REACTION,Short,70.6682,70.6682,impulse_pullback_zone,31.8053,-0.0916,3.0706,0.6909,15,3,0,4.0395,-0.3242,False,True,0.0,TOP1_PER_DAY_PLUS_TOP25_SECOND_SIGNALS_DIVERSITY_GUARD
26661,UNKNOWN,2026-03-06 05:00:00,2026-03-06,FVG_TOUCH,Short,69.5442,69.5442,bearish_fvg_touch,27.7053,-0.9521,-0.3356,0.2619,5,4,1,3.4355,1.1413,False,False,0.2494,TOP1_PER_DAY_PLUS_TOP25_SECOND_SIGNALS_DIVERSITY_GUARD
26814,UNKNOWN,2026-03-07 19:15:00,2026-03-07,WEAK_BOS,Short,64.522,64.522,break_low,15.3254,-1.0976,3.9827,0.6958,19,5,2,5.8526,-1.4246,False,True,0.0,TOP1_PER_DAY_PLUS_TOP25_SECOND_SIGNALS_DIVERSITY_GUARD
26917,UNKNOWN,2026-03-08 21:00:00,2026-03-08,ORDERBLOCK_REACTION,Short,67.0574,67.0574,impulse_pullback_zone,42.8777,-0.3167,1.3741,0.8174,21,6,0,2.891,0.1004,False,False,0.0336,TOP1_PER_DAY_PLUS_TOP25_SECOND_SIGNALS_DIVERSITY_GUARD
26941,UNKNOWN,2026-03-09 03:00:00,2026-03-09,FVG_TOUCH,Long,68.1223,68.1223,bullish_fvg_touch,71.1508,-0.4557,2.8025,0.9695,3,0,0,-1.0586,4.4176,True,False,0.0,TOP1_PER_DAY_PLUS_TOP25_SECOND_SIGNALS_DIVERSITY_GUARD
27073,UNKNOWN,2026-03-10 12:00:00,2026-03-10,ENHANCED_BUY,Long,74.7516,74.7516,demand_zone;stoch_cross_up;volume_spike;above_vwap,35.9125,1.7997,0.4429,0.6041,12,1,3,3.4496,2.3614,False,False,0.4064,TOP1_PER_DAY_PLUS_TOP25_SECOND_SIGNALS_DIVERSITY_GUARD
27171,UNKNOWN,2026-03-11 12:30:00,2026-03-11,ORDERBLOCK_REACTION,Short,67.2548,67.2548,impulse_pullback_zone,39.4947,-0.7183,1.5156,0.2832,12,2,0,2.0192,1.1145,False,False,0.3556,TOP1_PER_DAY_PLUS_TOP25_SECOND_SIGNALS_DIVERSITY_GUARD
27278,UNKNOWN,2026-03-12 15:15:00,2026-03-12,TREND_PULLBACK,Long,69.1839,69.1839,ema20_pullback;trend_stack,47.31,0.0902,2.5162,0.7438,15,3,0,1.228,2.2934,False,False,0.6513,TOP1_PER_DAY_PLUS_TOP25_SECOND_SIGNALS_DIVERSITY_GUARD
27343,UNKNOWN,2026-03-13 07:30:00,2026-03-13,FVG_TOUCH,Long,64.0621,64.0621,bullish_fvg_touch,58.2261,1.5802,0.3115,0.2906,7,4,2,0.3834,3.2223,False,False,0.8937,TOP1_PER_DAY_PLUS_TOP25_SECOND_SIGNALS_DIVERSITY_GUARD
27501,UNKNOWN,2026-03-14 23:00:00,2026-03-14,ORDERBLOCK_REACTION,Long,72.8762,72.8762,impulse_pullback_zone,63.9187,0.0733,2.5842,0.7293,23,5,0,-1.2072,4.1677,True,False,0.0,TOP1_PER_DAY_PLUS_TOP25_SECOND_SIGNALS_DIVERSITY_GUARD
27576,UNKNOWN,2026-03-15 17:45:00,2026-03-15,ORDERBLOCK_REACTION,Long,72.2887,72.2887,impulse_pullback_zone,68.0659,0.225,4.1979,0.593,17,6,2,-0.8354,3.4378,True,False,0.0,TOP1_PER_DAY_PLUS_TOP25_SECOND_SIGNALS_DIVERSITY_GUARD
27615,UNKNOWN,2026-03-16 03:30:00,2026-03-16,WEAK_BOS,Long,65.4851,65.4851,break_high,70.2273,1.1015,8.7013,0.6216,3,0,0,-1.5809,5.3472,True,False,0.0,TOP1_PER_DAY_PLUS_TOP25_SECOND_SIGNALS_DIVERSITY_GUARD
27697,UNKNOWN,2026-03-17 00:00:00,2026-03-17,FVG_TOUCH,Long,66.987,66.987,bullish_fvg_touch,74.5105,1.1226,2.0828,0.6064,0,1,0,-1.3551,4.5321,True,False,0.0,TOP1_PER_DAY_PLUS_TOP25_SECOND_SIGNALS_DIVERSITY_GUARD
27757,UNKNOWN,2026-03-17 15:00:00,2026-03-17,LIQUIDITY_SWEEP,Short,88.0219,88.0219,sweep_high;reclaim,49.7035,-0.3492,3.136,0.3298,15,1,2,0.8863,2.0803,False,False,0.7012,TOP1_PER_DAY_PLUS_TOP25_SECOND_SIGNALS_DIVERSITY_GUARD
27839,UNKNOWN,2026-03-18 11:30:00,2026-03-18,WEAK_BOS,Short,66.0,66.0,break_low,24.0349,-0.5474,7.1091,0.5914,11,2,0,4.9342,-1.8123,False,True,0.0,TOP1_PER_DAY_PLUS_TOP25_SECOND_SIGNALS_DIVERSITY_GUARD
27967,UNKNOWN,2026-03-19 19:30:00,2026-03-19,FVG_TOUCH,Long,65.0447,65.0447,bullish_fvg_touch,72.931,-0.3456,0.0689,0.4887,19,3,2,0.4177,4.4571,False,False,0.9143,TOP1_PER_DAY_PLUS_TOP25_SECOND_SIGNALS_DIVERSITY_GUARD
28017,UNKNOWN,2026-03-20 08:00:00,2026-03-20,FVG_TOUCH,Long,73.9507,73.9507,bullish_fvg_touch,66.2285,0.7376,2.311,0.7093,8,4,1,-1.1895,4.4519,True,False,0.0,TOP1_PER_DAY_PLUS_TOP25_SECOND_SIGNALS_DIVERSITY_GUARD
28176,UNKNOWN,2026-03-21 23:45:00,2026-03-21,WEAK_BOS,Short,66.0,66.0,break_low,4.3244,-0.9231,9.3251,0.7707,23,5,0,7.8775,-5.8489,False,True,0.0,TOP1_PER_DAY_PLUS_TOP25_SECOND_SIGNALS_DIVERSITY_GUARD
28228,UNKNOWN,2026-03-22 12:45:00,2026-03-22,FVG_TOUCH,Long,67.0519,67.0519,bullish_fvg_touch,50.2309,-1.7996,-0.1941,0.3319,12,6,0,2.3064,3.0234,False,False,0.5673,TOP1_PER_DAY_PLUS_TOP25_SECOND_SIGNALS_DIVERSITY_GUARD
28317,UNKNOWN,2026-03-23 11:00:00,2026-03-23,WEAK_BOS,Long,66.0,66.0,break_high,81.5301,0.3882,9.32,0.8168,11,0,0,-4.5736,7.6908,True,False,0.0,TOP1_PER_DAY_PLUS_TOP25_SECOND_SIGNALS_DIVERSITY_GUARD
28425,UNKNOWN,2026-03-24 14:00:00,2026-03-24,FVG_TOUCH,Short,70.1582,70.1582,bearish_fvg_touch,14.1696,-0.0558,2.9533,0.3245,14,1,4,4.7347,-0.1825,False,False,0.0,TOP1_PER_DAY_PLUS_TOP25_SECOND_SIGNALS_DIVERSITY_GUARD
28481,UNKNOWN,2026-03-25 04:00:00,2026-03-25,FVG_TOUCH,Long,68.61,68.61,bullish_fvg_touch,46.2329,0.9178,-0.5654,0.5848,4,2,0,1.0745,3.0669,False,False,0.7405,TOP1_PER_DAY_PLUS_TOP25_SECOND_SIGNALS_DIVERSITY_GUARD
28586,UNKNOWN,2026-03-26 06:15:00,2026-03-26,FVG_TOUCH,Short,68.7738,68.7738,bearish_fvg_touch,26.801,-1.0886,0.2573,0.0644,6,3,2,5.8738,0.9412,False,False,0.1381,TOP1_PER_DAY_PLUS_TOP25_SECOND_SIGNALS_DIVERSITY_GUARD
28689,UNKNOWN,2026-03-27 08:00:00,2026-03-27,FVG_TOUCH,Short,69.0654,69.0654,bearish_fvg_touch,46.159,-0.6497,-0.0544,0.3446,8,4,0,2.5108,0.8731,False,False,0.258,TOP1_PER_DAY_PLUS_TOP25_SECOND_SIGNALS_DIVERSITY_GUARD
28759,UNKNOWN,2026-03-28 01:30:00,2026-03-28,FVG_TOUCH,Short,68.5534,68.5534,bearish_fvg_touch,55.5649,-1.0584,-0.477,0.3008,1,5,0,2.4512,2.1324,False,False,0.4652,TOP1_PER_DAY_PLUS_TOP25_SECOND_SIGNALS_DIVERSITY_GUARD
28937,UNKNOWN,2026-03-29 22:00:00,2026-03-29,TREND_PULLBACK,Short,73.3093,73.3093,ema20_pullback;trend_stack,45.0008,-0.1753,3.6534,0.8174,22,6,2,3.0992,1.027,False,False,0.2489,TOP1_PER_DAY_PLUS_TOP25_SECOND_SIGNALS_DIVERSITY_GUARD
28940,UNKNOWN,2026-03-29 22:45:00,2026-03-29,LIQUIDITY_SWEEP,Long,90.1396,90.1396,sweep_low;reclaim,36.6668,-0.3793,8.2477,0.1713,22,6,1,3.2843,0.7566,False,False,0.1872,TOP1_PER_DAY_PLUS_TOP25_SECOND_SIGNALS_DIVERSITY_GUARD
29016,UNKNOWN,2026-03-30 17:45:00,2026-03-30,FVG_TOUCH,Short,67.4044,67.4044,bearish_fvg_touch,40.8552,-0.1031,-0.2203,0.5599,17,0,4,4.1571,0.5815,False,False,0.1227,TOP1_PER_DAY_PLUS_TOP25_SECOND_SIGNALS_DIVERSITY_GUARD
29100,UNKNOWN,2026-03-31 14:45:00,2026-03-31,TREND_PULLBACK,Short,69.5401,69.5401,ema20_pullback;trend_stack,49.1171,-0.1654,3.337,0.7758,14,1,2,3.3209,1.696,False,False,0.3381,TOP1_PER_DAY_PLUS_TOP25_SECOND_SIGNALS_DIVERSITY_GUARD
29151,UNKNOWN,2026-04-01 03:30:00,2026-04-01,FVG_TOUCH,Long,68.2753,68.2753,bullish_fvg_touch,50.648,0.4966,-0.7194,0.5268,3,2,1,1.2556,2.008,False,False,0.6153,TOP1_PER_DAY_PLUS_TOP25_SECOND_SIGNALS_DIVERSITY_GUARD
29237,UNKNOWN,2026-04-02 01:00:00,2026-04-02,LIQUIDITY_SWEEP,Long,89.2049,89.2049,sweep_low;reclaim,43.0112,-0.1932,5.1677,0.4755,1,3,0,2.1786,0.7277,False,False,0.2504,TOP1_PER_DAY_PLUS_TOP25_SECOND_SIGNALS_DIVERSITY_GUARD
29301,UNKNOWN,2026-04-02 17:00:00,2026-04-02,FVG_TOUCH,Long,65.6113,65.6113,bullish_fvg_touch,76.6223,0.013,0.2018,0.2331,17,3,1,0.2973,4.3037,False,False,0.9354,TOP1_PER_DAY_PLUS_TOP25_SECOND_SIGNALS_DIVERSITY_GUARD
29413,UNKNOWN,2026-04-03 21:00:00,2026-04-03,ORDERBLOCK_REACTION,Long,60.285,60.285,impulse_pullback_zone,51.9554,0.1463,-0.6381,0.7244,21,4,0,2.1303,2.0921,False,False,0.4955,TOP1_PER_DAY_PLUS_TOP25_SECOND_SIGNALS_DIVERSITY_GUARD
29487,UNKNOWN,2026-04-04 15:30:00,2026-04-04,FVG_TOUCH,Long,69.7191,69.7191,bullish_fvg_touch,65.1076,1.0078,0.7869,0.0658,15,5,0,2.3851,3.8634,False,False,0.6183,TOP1_PER_DAY_PLUS_TOP25_SECOND_SIGNALS_DIVERSITY_GUARD
29573,UNKNOWN,2026-04-05 13:00:00,2026-04-05,FVG_TOUCH,Short,70.1794,70.1794,bearish_fvg_touch,28.8586,-0.8814,0.2172,0.2449,13,6,0,4.7236,0.8839,False,False,0.1576,TOP1_PER_DAY_PLUS_TOP25_SECOND_SIGNALS_DIVERSITY_GUARD
29637,UNKNOWN,2026-04-06 05:00:00,2026-04-06,FVG_TOUCH,Long,64.9414,64.9414,bullish_fvg_touch,67.9791,3.0634,-0.5591,0.3181,5,0,0,2.6165,2.2429,False,False,0.4616,TOP1_PER_DAY_PLUS_TOP25_SECOND_SIGNALS_DIVERSITY_GUARD
29754,UNKNOWN,2026-04-07 10:15:00,2026-04-07,TREND_PULLBACK,Short,66.3386,66.3386,ema20_pullback;trend_stack,56.4628,-0.2311,0.7664,0.496,10,1,0,2.6571,1.5654,False,False,0.3707,TOP1_PER_DAY_PLUS_TOP25_SECOND_SIGNALS_DIVERSITY_GUARD
29861,UNKNOWN,2026-04-08 13:00:00,2026-04-08,WEAK_BOS,Long,66.0,66.0,break_high,76.3784,1.4039,4.1293,0.73,13,2,3,-1.7272,5.0204,True,False,0.0,TOP1_PER_DAY_PLUS_TOP25_SECOND_SIGNALS_DIVERSITY_GUARD
29967,UNKNOWN,2026-04-09 15:30:00,2026-04-09,FVG_TOUCH,Long,70.4044,70.4044,bullish_fvg_touch,69.2144,0.1163,7.345,0.7664,15,3,0,-1.2455,4.7236,True,False,0.0,TOP1_PER_DAY_PLUS_TOP25_SECOND_SIGNALS_DIVERSITY_GUARD
30082,UNKNOWN,2026-04-10 20:15:00,2026-04-10,FVG_TOUCH,Long,66.7572,66.7572,bullish_fvg_touch,58.9084,1.6155,-0.1956,0.0562,20,4,2,0.2274,4.3112,False,False,0.9499,TOP1_PER_DAY_PLUS_TOP25_SECOND_SIGNALS_DIVERSITY_GUARD
30171,UNKNOWN,2026-04-11 18:30:00,2026-04-11,WEAK_BOS,Long,63.7359,63.7359,break_high,84.7338,0.6649,6.9895,0.4987,18,5,0,-1.2893,5.3977,True,False,0.0,TOP1_PER_DAY_PLUS_TOP25_SECOND_SIGNALS_DIVERSITY_GUARD
30199,UNKNOWN,2026-04-12 01:30:00,2026-04-12,WEAK_BOS,Short,66.0,66.0,break_low,11.29,-0.1858,8.1885,0.8729,1,6,0,6.8423,-4.1963,False,True,0.0,TOP1_PER_DAY_PLUS_TOP25_SECOND_SIGNALS_DIVERSITY_GUARD
30346,UNKNOWN,2026-04-13 14:15:00,2026-04-13,FVG_TOUCH,Long,72.65,72.65,bullish_fvg_touch,77.4418,0.4129,2.2903,0.0479,14,0,0,0.5458,3.8281,False,False,0.8752,TOP1_PER_DAY_PLUS_TOP25_SECOND_SIGNALS_DIVERSITY_GUARD
30401,UNKNOWN,2026-04-14 04:00:00,2026-04-14,FVG_TOUCH,Long,64.1288,64.1288,bullish_fvg_touch,51.8386,3.8976,-0.6846,0.1953,4,1,0,2.4721,2.751,False,False,0.5267,TOP1_PER_DAY_PLUS_TOP25_SECOND_SIGNALS_DIVERSITY_GUARD
30559,UNKNOWN,2026-04-15 19:30:00,2026-04-15,WEAK_BOS,Long,64.3482,64.3482,break_high,77.8509,0.4424,4.66,0.6168,19,2,2,-1.3914,5.8785,True,False,0.0,TOP1_PER_DAY_PLUS_TOP25_SECOND_SIGNALS_DIVERSITY_GUARD
30632,UNKNOWN,2026-04-16 13:45:00,2026-04-16,WEAK_BOS,Short,66.0,66.0,break_low,35.3516,-0.2587,7.9961,0.6198,13,3,2,4.4804,-1.7198,False,True,0.0,TOP1_PER_DAY_PLUS_TOP25_SECOND_SIGNALS_DIVERSITY_GUARD
30727,UNKNOWN,2026-04-17 13:30:00,2026-04-17,FVG_TOUCH,Long,70.8891,70.8891,bullish_fvg_touch,70.6866,1.0893,3.4901,0.3607,13,4,0,0.2985,4.5264,False,False,0.9381,TOP1_PER_DAY_PLUS_TOP25_SECOND_SIGNALS_DIVERSITY_GUARD
30815,UNKNOWN,2026-04-18 11:30:00,2026-04-18,FVG_TOUCH,Short,64.2316,64.2316,bearish_fvg_touch,23.7816,-1.269,0.2088,0.5423,11,5,3,5.7503,-0.2891,False,False,0.0,TOP1_PER_DAY_PLUS_TOP25_SECOND_SIGNALS_DIVERSITY_GUARD
30947,UNKNOWN,2026-04-19 20:30:00,2026-04-19,FVG_TOUCH,Short,65.8322,65.8322,bearish_fvg_touch,23.242,-0.9661,0.376,0.5509,20,6,3,5.6612,-0.2337,False,False,0.0,TOP1_PER_DAY_PLUS_TOP25_SECOND_SIGNALS_DIVERSITY_GUARD
30999,UNKNOWN,2026-04-20 09:30:00,2026-04-20,FVG_TOUCH,Long,65.6602,65.6602,bullish_fvg_touch,73.0877,0.256,-0.4501,0.571,9,0,0,1.3076,3.3118,False,False,0.7169,TOP1_PER_DAY_PLUS_TOP25_SECOND_SIGNALS_DIVERSITY_GUARD
31118,UNKNOWN,2026-04-21 15:15:00,2026-04-21,FVG_TOUCH,Short,67.8726,67.8726,bearish_fvg_touch,37.0943,-0.0208,0.4029,0.1974,15,1,1,2.9339,0.7351,False,False,0.2004,TOP1_PER_DAY_PLUS_TOP25_SECOND_SIGNALS_DIVERSITY_GUARD
31241,UNKNOWN,2026-04-22 22:00:00,2026-04-22,FVG_TOUCH,Long,66.6721,66.6721,bullish_fvg_touch,42.3146,0.987,-0.5699,0.0099,22,2,2,2.1572,1.8491,False,False,0.4615,TOP1_PER_DAY_PLUS_TOP25_SECOND_SIGNALS_DIVERSITY_GUARD
31250,UNKNOWN,2026-04-23 00:15:00,2026-04-23,LIQUIDITY_SWEEP,Long,89.1033,89.1033,sweep_low;reclaim,50.2676,0.0256,2.1732,0.608,0,3,1,2.4183,2.2362,False,False,0.4804,TOP1_PER_DAY_PLUS_TOP25_SECOND_SIGNALS_DIVERSITY_GUARD
31291,UNKNOWN,2026-04-23 10:30:00,2026-04-23,FVG_TOUCH,Short,66.8622,66.8622,bearish_fvg_touch,28.9449,-0.8416,-0.3824,0.1171,10,3,0,3.6101,3.0621,False,False,0.4589,TOP1_PER_DAY_PLUS_TOP25_SECOND_SIGNALS_DIVERSITY_GUARD
31411,UNKNOWN,2026-04-24 16:30:00,2026-04-24,FVG_TOUCH,Short,65.864,65.864,bearish_fvg_touch,33.5635,-0.0306,-0.139,0.0458,16,4,4,2.6055,0.5011,False,False,0.1613,TOP1_PER_DAY_PLUS_TOP25_SECOND_SIGNALS_DIVERSITY_GUARD
31495,UNKNOWN,2026-04-25 13:30:00,2026-04-25,FVG_TOUCH,Long,64.714,64.714,bullish_fvg_touch,42.9636,0.209,-0.6297,0.7758,13,5,0,2.5914,1.7202,False,False,0.399,TOP1_PER_DAY_PLUS_TOP25_SECOND_SIGNALS_DIVERSITY_GUARD
31557,UNKNOWN,2026-04-26 05:00:00,2026-04-26,WEAK_BOS,Long,66.0,66.0,break_high,74.3789,0.3166,4.7481,0.8074,5,6,0,-2.4397,6.321,True,False,0.0,TOP1_PER_DAY_PLUS_TOP25_SECOND_SIGNALS_DIVERSITY_GUARD
31656,UNKNOWN,2026-04-27 05:45:00,2026-04-27,FVG_TOUCH,Short,68.8511,68.8511,bearish_fvg_touch,13.16,0.3063,0.5674,0.1419,5,0,1,7.383,0.9719,False,False,0.1163,TOP1_PER_DAY_PLUS_TOP25_SECOND_SIGNALS_DIVERSITY_GUARD
31769,UNKNOWN,2026-04-28 10:00:00,2026-04-28,FVG_TOUCH,Short,64.9457,64.9457,bearish_fvg_touch,47.0098,-0.7583,-0.1813,0.4124,10,1,0,3.8558,0.8743,False,False,0.1848,TOP1_PER_DAY_PLUS_TOP25_SECOND_SIGNALS_DIVERSITY_GUARD
31864,UNKNOWN,2026-04-29 09:45:00,2026-04-29,WEAK_BOS,Long,66.0,66.0,break_high,75.2957,1.5904,5.9535,0.6786,9,2,2,-1.8594,4.9194,True,False,0.0,TOP1_PER_DAY_PLUS_TOP25_SECOND_SIGNALS_DIVERSITY_GUARD
31931,UNKNOWN,2026-04-30 02:30:00,2026-04-30,ORDERBLOCK_REACTION,Short,68.5838,68.5838,impulse_pullback_zone,40.7445,-0.2908,1.1575,0.8006,2,3,2,3.6467,-0.1539,False,False,0.0,TOP1_PER_DAY_PLUS_TOP25_SECOND_SIGNALS_DIVERSITY_GUARD
32019,UNKNOWN,2026-05-01 00:30:00,2026-05-01,FVG_TOUCH,Long,67.4096,67.4096,bullish_fvg_touch,51.69,0.5047,-0.6641,0.0805,0,4,3,0.3719,2.5993,False,False,0.8748,TOP1_PER_DAY_PLUS_TOP25_SECOND_SIGNALS_DIVERSITY_GUARD
32201,UNKNOWN,2026-05-02 22:00:00,2026-05-02,FVG_TOUCH,Long,73.9672,73.9672,bullish_fvg_touch,76.2663,0.8409,0.6448,0.3725,22,5,0,3.38,3.9582,False,False,0.5394,TOP1_PER_DAY_PLUS_TOP25_SECOND_SIGNALS_DIVERSITY_GUARD
32270,UNKNOWN,2026-05-03 15:15:00,2026-05-03,FVG_TOUCH,Long,63.3944,63.3944,bullish_fvg_touch,57.9858,0.9877,-0.4094,0.4216,15,6,0,0.9909,3.2347,False,False,0.7655,TOP1_PER_DAY_PLUS_TOP25_SECOND_SIGNALS_DIVERSITY_GUARD
32317,UNKNOWN,2026-05-04 03:00:00,2026-05-04,FVG_TOUCH,Long,66.9992,66.9992,bullish_fvg_touch,80.9224,0.8273,1.8117,0.3978,3,0,3,0.154,5.4121,False,False,0.9723,TOP1_PER_DAY_PLUS_TOP25_SECOND_SIGNALS_DIVERSITY_GUARD
32453,UNKNOWN,2026-05-05 13:00:00,2026-05-05,WEAK_BOS,Long,64.3137,64.3137,break_high,94.9974,1.4462,2.8758,0.8607,13,1,2,-1.8673,6.377,True,False,0.0,TOP1_PER_DAY_PLUS_TOP25_SECOND_SIGNALS_DIVERSITY_GUARD
32581,UNKNOWN,2026-05-06 21:00:00,2026-05-06,FVG_TOUCH,Short,67.6166,67.6166,bearish_fvg_touch,42.7456,-0.526,-0.7635,0.2101,21,2,1,2.7817,1.0483,False,False,0.2737,TOP1_PER_DAY_PLUS_TOP25_SECOND_SIGNALS_DIVERSITY_GUARD
32633,UNKNOWN,2026-05-07 10:00:00,2026-05-07,FVG_TOUCH,Short,63.5961,63.5961,bearish_fvg_touch,29.2217,-0.3422,-0.1704,0.2555,10,3,4,4.6249,0.1967,False,False,0.0408,TOP1_PER_DAY_PLUS_TOP25_SECOND_SIGNALS_DIVERSITY_GUARD
32747,UNKNOWN,2026-05-08 14:30:00,2026-05-08,FVG_TOUCH,Long,69.7161,69.7161,bullish_fvg_touch,50.107,0.1519,0.8761,0.3054,14,4,0,1.0673,2.4785,False,False,0.699,TOP1_PER_DAY_PLUS_TOP25_SECOND_SIGNALS_DIVERSITY_GUARD
32860,UNKNOWN,2026-05-09 18:45:00,2026-05-09,FVG_TOUCH,Long,63.5281,63.5281,bullish_fvg_touch,77.6262,1.1788,-0.5438,0.1498,18,5,0,1.2104,4.5883,False,False,0.7913,TOP1_PER_DAY_PLUS_TOP25_SECOND_SIGNALS_DIVERSITY_GUARD
32969,UNKNOWN,2026-05-10 22:00:00,2026-05-10,TREND_PULLBACK,Long,74.9401,74.9401,ema20_pullback;trend_stack,51.4728,0.0649,3.8735,0.7774,22,6,2,1.1131,3.8135,False,False,0.7741,TOP1_PER_DAY_PLUS_TOP25_SECOND_SIGNALS_DIVERSITY_GUARD
33031,UNKNOWN,2026-05-11 13:30:00,2026-05-11,TREND_PULLBACK,Long,71.7351,71.7351,ema20_pullback;trend_stack,51.5233,0.1028,1.6862,0.1474,13,0,3,1.3447,2.1827,False,False,0.6188,TOP1_PER_DAY_PLUS_TOP25_SECOND_SIGNALS_DIVERSITY_GUARD
33157,UNKNOWN,2026-05-12 21:00:00,2026-05-12,FVG_TOUCH,Short,64.5741,64.5741,bearish_fvg_touch,60.2856,-0.4105,-0.8372,0.0353,21,1,0,1.4738,6.4849,False,False,0.8148,TOP1_PER_DAY_PLUS_TOP25_SECOND_SIGNALS_DIVERSITY_GUARD
33169,UNKNOWN,2026-05-13 00:00:00,2026-05-13,FVG_TOUCH,Short,66.7667,66.7667,bearish_fvg_touch,24.8154,-0.502,-0.4863,0.2583,0,2,0,3.5421,0.2691,False,False,0.0706,TOP1_PER_DAY_PLUS_TOP25_SECOND_SIGNALS_DIVERSITY_GUARD
33324,UNKNOWN,2026-05-14 14:45:00,2026-05-14,WEAK_BOS,Long,66.0,66.0,break_high,84.8274,0.5384,6.0409,0.8993,14,3,0,-2.0324,6.1514,True,False,0.0,TOP1_PER_DAY_PLUS_TOP25_SECOND_SIGNALS_DIVERSITY_GUARD
33436,UNKNOWN,2026-05-15 18:45:00,2026-05-15,FVG_TOUCH,Short,67.3829,67.3829,bearish_fvg_touch,58.2516,-2.4749,-0.5026,0.1243,18,4,0,1.7102,3.7109,False,False,0.6845,TOP1_PER_DAY_PLUS_TOP25_SECOND_SIGNALS_DIVERSITY_GUARD
33473,UNKNOWN,2026-05-16 04:00:00,2026-05-16,FVG_TOUCH,Short,64.6781,64.6781,bearish_fvg_touch,44.1581,-1.7636,-0.3207,0.0127,4,5,3,1.7658,0.7791,False,False,0.3061,TOP1_PER_DAY_PLUS_TOP25_SECOND_SIGNALS_DIVERSITY_GUARD
33647,UNKNOWN,2026-05-17 23:30:00,2026-05-17,WEAK_BOS,Short,65.9343,65.9343,break_low,14.5427,-0.3217,9.1669,0.4847,23,6,0,4.8316,-1.6557,False,True,0.0,TOP1_PER_DAY_PLUS_TOP25_SECOND_SIGNALS_DIVERSITY_GUARD
33703,UNKNOWN,2026-05-18 13:30:00,2026-05-18,ORDERBLOCK_REACTION,Short,68.7465,68.7465,impulse_pullback_zone,50.8787,-0.0939,2.8884,0.8455,13,0,0,3.9176,0.6365,False,False,0.1398,TOP1_PER_DAY_PLUS_TOP25_SECOND_SIGNALS_DIVERSITY_GUARD
33799,UNKNOWN,2026-05-19 13:30:00,2026-05-19,TREND_PULLBACK,Short,69.1548,69.1548,ema20_pullback;trend_stack,47.6575,-0.2218,1.3961,0.2642,13,1,1,2.8673,0.7043,False,False,0.1972,TOP1_PER_DAY_PLUS_TOP25_SECOND_SIGNALS_DIVERSITY_GUARD
33861,UNKNOWN,2026-05-20 05:00:00,2026-05-20,WEAK_BOS,Long,65.8874,65.8874,break_high,71.6667,0.0206,3.9249,0.8998,5,2,0,-1.9251,4.5898,True,False,0.0,TOP1_PER_DAY_PLUS_TOP25_SECOND_SIGNALS_DIVERSITY_GUARD
33991,UNKNOWN,2026-05-21 13:30:00,2026-05-21,WEAK_BOS,Short,64.2933,64.2933,break_low,21.6262,-0.8815,4.3603,0.9221,13,3,3,6.0505,-1.3822,False,True,0.0,TOP1_PER_DAY_PLUS_TOP25_SECOND_SIGNALS_DIVERSITY_GUARD
34106,UNKNOWN,2026-05-22 18:15:00,2026-05-22,FVG_TOUCH,Short,66.481,66.481,bearish_fvg_touch,51.5088,-0.9688,-0.4651,0.1029,18,4,0,3.6568,1.2152,False,False,0.2494,TOP1_PER_DAY_PLUS_TOP25_SECOND_SIGNALS_DIVERSITY_GUARD
34162,UNKNOWN,2026-05-23 08:15:00,2026-05-23,FVG_TOUCH,Short,73.7868,73.7868,bearish_fvg_touch,7.8653,-2.1398,0.5245,0.2847,8,5,0,6.0973,2.1804,False,False,0.2634,TOP1_PER_DAY_PLUS_TOP25_SECOND_SIGNALS_DIVERSITY_GUARD
34254,UNKNOWN,2026-05-24 07:15:00,2026-05-24,FVG_TOUCH,Long,67.978,67.978,bullish_fvg_touch,58.1571,2.06,-0.5142,0.0854,7,6,0,1.5663,2.32,False,False,0.597,TOP1_PER_DAY_PLUS_TOP25_SECOND_SIGNALS_DIVERSITY_GUARD
34358,UNKNOWN,2026-05-25 09:15:00,2026-05-25,FVG_TOUCH,Long,64.5472,64.5472,bullish_fvg_touch,55.2846,1.0603,-0.2446,0.4492,9,0,1,1.3039,3.4682,False,False,0.7268,TOP1_PER_DAY_PLUS_TOP25_SECOND_SIGNALS_DIVERSITY_GUARD
34488,UNKNOWN,2026-05-26 17:45:00,2026-05-26,FVG_TOUCH,Short,70.9833,70.9833,bearish_fvg_touch,13.7251,-0.5809,0.2994,0.4088,17,1,3,5.7731,0.2666,False,False,0.0441,TOP1_PER_DAY_PLUS_TOP25_SECOND_SIGNALS_DIVERSITY_GUARD
34601,UNKNOWN,2026-05-27 22:00:00,2026-05-27,FVG_TOUCH,Short,76.2132,76.2132,bearish_fvg_touch,27.7417,-1.2076,2.1422,0.1657,22,2,3,5.1629,0.3164,False,False,0.0578,TOP1_PER_DAY_PLUS_TOP25_SECOND_SIGNALS_DIVERSITY_GUARD
34622,UNKNOWN,2026-05-28 03:15:00,2026-05-28,WEAK_BOS,Short,65.4952,65.4952,break_low,23.452,-1.4841,5.9698,0.6052,3,3,0,3.9673,-1.5825,False,True,0.0,TOP1_PER_DAY_PLUS_TOP25_SECOND_SIGNALS_DIVERSITY_GUARD
34785,UNKNOWN,2026-05-29 20:00:00,2026-05-29,FVG_TOUCH,Long,64.7621,64.7621,bullish_fvg_touch,39.3062,0.1779,-0.4774,0.7624,20,4,0,2.5449,2.4781,False,False,0.4933,TOP1_PER_DAY_PLUS_TOP25_SECOND_SIGNALS_DIVERSITY_GUARD
34821,UNKNOWN,2026-05-30 05:00:00,2026-05-30,TREND_PULLBACK,Short,69.693,69.693,ema20_pullback;trend_stack,44.799,-0.235,0.7201,0.2866,5,5,0,2.1417,2.522,False,False,0.5408,TOP1_PER_DAY_PLUS_TOP25_SECOND_SIGNALS_DIVERSITY_GUARD
34991,UNKNOWN,2026-05-31 23:30:00,2026-05-31,TREND_PULLBACK,Short,64.6923,64.6923,ema20_pullback;trend_stack,43.9392,-0.0006,1.6852,0.7511,23,6,1,3.9478,0.8323,False,False,0.1741,TOP1_PER_DAY_PLUS_TOP25_SECOND_SIGNALS_DIVERSITY_GUARD
34999,UNKNOWN,2026-06-01 01:30:00,2026-06-01,FVG_TOUCH,Short,70.8393,70.8393,bearish_fvg_touch,34.8427,-0.0803,0.4421,0.474,1,0,3,3.3899,-0.0369,False,False,0.0,TOP1_PER_DAY_PLUS_TOP25_SECOND_SIGNALS_DIVERSITY_GUARD
